"PlayerName","Team","POS","ADP","IP","rPTS","PTS","aPOS","Dollars"
"Max Scherzer","Nationals","SP","4.7","210","1227.0","$294.9","$77.0","$372.8"
"Jacob deGrom","Mets","SP","10.3","211","1179.0","$244.4","$77.0","$322.4"
"Justin Verlander","Astros","SP","19.9","204","1125.0","$187.7","$77.0","$265.7"
"Chris Sale","Red Sox","SP","11.9","183","1098.0","$159.4","$77.0","$237.3"
"Gerrit Cole","Astros","SP","22.3","198","1068.0","$127.8","$77.0","$205.8"
"Blake Snell","Rays","SP","29.6","190","1044.0","$102.6","$77.0","$180.6"
"Corey Kluber","Indians","SP","24.8","200","1008.0","$64.8","$77.0","$142.8"
"Aaron Nola","Phillies","SP","25.0","189","951.0","$5.0","$77.0","$82.9"
"Trevor Bauer","Indians","SP","28.2","182","948.0","$1.8","$77.0","$79.8"
"Chris Archer","Pirates","SP","131.9","188","939.0","($7.6)","$77.0","$70.3"
"Madison Bumgarner","Giants","SP","97.6","202","900.0","($48.6)","$77.0","$29.4"
"Carlos Carrasco","Indians","SP","34.2","174","897.0","($51.8)","$77.0","$26.2"
"Patrick Corbin","Nationals","SP","48.4","180","891.0","($58.1)","$77.0","$19.9"
"German Marquez","Rockies","SP","79.5","180","891.0","($58.1)","$77.0","$19.9"
"Stephen Strasburg","Nationals","SP","55.8","173","891.0","($58.1)","$77.0","$19.9"
"James Paxton","Yankees","SP","51.8","171","888.0","($61.2)","$77.0","$16.8"
"Noah Syndergaard","Mets","SP","35.7","177","888.0","($61.2)","$77.0","$16.8"
"Robbie Ray","Diamondbacks","SP","123.5","159","882.0","($67.5)","$77.0","$10.5"
"Jose Berrios","Twins","SP","65.2","191","876.0","($73.8)","$77.0","$4.2"
"Walker Buehler","Dodgers","SP","37.2","163","873.0","($77.0)","$77.0","$1.0"
"Luis Severino","Yankees","SP","79.5","167","870.0","($80.1)","$77.0","($2.2)"
"Zack Greinke","Diamondbacks","SP","65.3","192","864.0","($86.4)","$77.0","($8.5)"
"Jack Flaherty","Cardinals","SP","52.0","168","864.0","($86.4)","$77.0","($8.5)"
"Jameson Taillon","Pirates","SP","55.8","190","855.0","($95.9)","$77.0","($17.9)"
"Miles Mikolas","Cardinals","SP","95.6","200","819.0","($133.7)","$77.0","($55.7)"
"Nick Pivetta","Phillies","SP","143.2","169","810.0","($143.1)","$77.0","($65.2)"
"Mike Clevinger","Indians","SP","57.3","170","807.0","($146.3)","$77.0","($68.3)"
"Jon Lester","Cubs","SP","215.7","189","804.0","($149.4)","$77.0","($71.5)"
"Joey Lucchesi","Padres","SP","190.3","169","801.0","($152.6)","$77.0","($74.6)"
"David Price","Red Sox","SP","99.4","174","798.0","($155.7)","$77.0","($77.8)"
"Luis Castillo","Reds","SP","120.1","168","780.0","($174.7)","$77.0","($96.7)"
"Andrew Heaney","Angels","SP","247.0","173","777.0","($177.8)","$77.0","($99.8)"
"Kyle Gibson","Twins","SP","283.8","193","777.0","($177.8)","$77.0","($99.8)"
"Charlie Morton","Rays","SP","113.9","151","771.0","($184.1)","$77.0","($106.1)"
"Rick Porcello","Red Sox","SP","172.9","182","771.0","($184.1)","$77.0","($106.1)"
"Jose Quintana","Cubs","SP","196.1","169","771.0","($184.1)","$77.0","($106.1)"
"Zack Wheeler","Mets","SP","81.9","164","765.0","($190.4)","$77.0","($112.4)"
"J.A. Happ","Yankees","SP","138.5","167","759.0","($196.7)","$77.0","($118.7)"
"Jake Arrieta","Phillies","SP","204.7","180","759.0","($196.7)","$77.0","($118.7)"
"Jakob Junis","Royals","SP","388.2","182","759.0","($196.7)","$77.0","($118.7)"
"Danny Duffy","Royals","SP","574.7","180","756.0","($199.9)","$77.0","($121.9)"
"Kyle Hendricks","Cubs","SP","132.5","174","735.0","($221.9)","$77.0","($143.9)"
"Tyler Glasnow","Rays","SP","160.6","139","729.0","($228.2)","$77.0","($150.3)"
"Dylan Bundy","Orioles","SP","378.5","169","729.0","($228.2)","$77.0","($150.3)"
"Zack Godley","Diamondbacks","SP","259.6","160","723.0","($234.5)","$77.0","($156.6)"
"Kyle Freeland","Rockies","SP","173.2","183","717.0","($240.8)","$77.0","($162.9)"
"Yu Darvish","Cubs","SP","134.2","138","717.0","($240.8)","$77.0","($162.9)"
"Clayton Kershaw","Dodgers","SP","64.4","144","714.0","($244.0)","$77.0","($166.0)"
"Jhoulys Chacin","Brewers","SP","264.8","179","711.0","($247.1)","$77.0","($169.2)"
"Vince Velasquez","Phillies","SP","448.8","150","708.0","($250.3)","$77.0","($172.3)"
"Rich Hill","Dodgers","SP","190.0","140","705.0","($253.4)","$77.0","($175.5)"
"Marco Gonzales","Mariners","SP","264.3","179","705.0","($253.4)","$77.0","($175.5)"
"Steven Matz","Mets","SP","243.7","157","705.0","($253.4)","$77.0","($175.5)"
"Dallas Keuchel","","SP","227.8","170","699.0","($259.7)","$77.0","($181.8)"
"Cole Hamels","Cubs","SP","152.5","154","699.0","($259.7)","$77.0","($181.8)"
"Masahiro Tanaka","Yankees","SP","127.8","152","696.0","($262.9)","$77.0","($184.9)"
"Sonny Gray","Reds","SP","267.9","154","696.0","($262.9)","$77.0","($184.9)"
"Tyler Skaggs","Angels","SP","241.1","158","696.0","($262.9)","$77.0","($184.9)"
"Freddy Peralta","Brewers","SP","367.1","129","693.0","($266.0)","$77.0","($188.1)"
"Mike Minor","Rangers","SP","421.0","168","693.0","($266.0)","$77.0","($188.1)"
"Trevor Richards","Marlins","SP","413.8","158","690.0","($269.2)","$77.0","($191.2)"
"Chris Paddack","Padres","SP","999.0","142","687.0","($272.3)","$77.0","($194.4)"
"Joe Musgrove","Pirates","SP","203.0","161","681.0","($278.6)","$77.0","($200.7)"
"Jake Odorizzi","Twins","SP","524.1","165","675.0","($284.9)","$77.0","($207.0)"
"Reynaldo Lopez","White Sox","SP","325.6","172","675.0","($284.9)","$77.0","($207.0)"
"Carlos Rodon","White Sox","SP","332.7","162","675.0","($284.9)","$77.0","($207.0)"
"Jon Gray","Rockies","SP","197.3","148","675.0","($284.9)","$77.0","($207.0)"
"Nathan Eovaldi","Red Sox","SP","171.0","156","672.0","($288.1)","$77.0","($210.1)"
"Marcus Stroman","Blue Jays","SP","332.0","173","672.0","($288.1)","$77.0","($210.1)"
"Kevin Gausman","Braves","SP","253.0","153","663.0","($297.5)","$77.0","($219.6)"
"Carlos Martinez","Cardinals","SP","294.8","143","663.0","($297.5)","$77.0","($219.6)"
"Mike Leake","Mariners","SP","588.5","196","663.0","($297.5)","$77.0","($219.6)"
"Jeff Samardzija","Giants","SP","448.6","165","660.0","($300.7)","$77.0","($222.7)"
"Lance Lynn","Rangers","SP","546.0","158","660.0","($300.7)","$77.0","($222.7)"
"Brad Peacock","Astros","SP","246.0","125","651.0","($310.2)","$77.0","($232.2)"
"Caleb Smith","Marlins","SP","443.4","141","651.0","($310.2)","$77.0","($232.2)"
"Kenta Maeda","Dodgers","SP","192.6","132","645.0","($316.5)","$77.0","($238.5)"
"Matthew Boyd","Tigers","SP","336.8","160","645.0","($316.5)","$77.0","($238.5)"
"Anibal Sanchez","Nationals","SP","276.3","147","633.0","($329.1)","$77.0","($251.1)"
"Pablo Lopez","Marlins","SP","482.5","161","633.0","($329.1)","$77.0","($251.1)"
"Collin McHugh","Astros","SP","221.2","141","627.0","($335.4)","$77.0","($257.4)"
"Miguel Gonzalez","","SP","999.0","190","627.0","($335.4)","$77.0","($257.4)"
"Derek Holland","Giants","SP","426.8","147","627.0","($335.4)","$77.0","($257.4)"
"Anthony DeSclafani","Reds","SP","487.1","149","627.0","($335.4)","$77.0","($257.4)"
"Mike Foltynewicz","Braves","SP","141.7","130","627.0","($335.4)","$77.0","($257.4)"
"Yusei Kikuchi","Mariners","SP","179.0","140","612.0","($351.1)","$77.0","($273.1)"
"Tyler Anderson","Rockies","SP","558.7","148","612.0","($351.1)","$77.0","($273.1)"
"Jose Urena","Marlins","SP","534.3","161","612.0","($351.1)","$77.0","($273.1)"
"Shane Bieber","Indians","SP","127.0","141","609.0","($354.3)","$77.0","($276.3)"
"Logan Allen","","SP","592.5","140","600.0","($363.7)","$77.0","($285.7)"
"Sean Newcomb","Braves","SP","267.7","130","597.0","($366.9)","$77.0","($288.9)"
"Zach Eflin","Phillies","SP","297.3","148","597.0","($366.9)","$77.0","($288.9)"
"Michael Pineda","Twins","SP","311.3","139","594.0","($370.0)","$77.0","($292.0)"
"Mike Fiers","Athletics","SP","433.3","151","591.0","($373.2)","$77.0","($295.2)"
"Hyun-Jin Ryu","Dodgers","SP","175.4","129","591.0","($373.2)","$77.0","($295.2)"
"Drew Smyly","Rangers","SP","554.1","140","591.0","($373.2)","$77.0","($295.2)"
"Corbin Burnes","Brewers","SP","273.5","133","588.0","($376.3)","$77.0","($298.4)"
"Eric Lauer","Padres","SP","525.4","139","588.0","($376.3)","$77.0","($298.4)"
"Antonio Senzatela","Rockies","SP","600.6","150","588.0","($376.3)","$77.0","($298.4)"
"Matt Harvey","Angels","SP","473.1","157","582.0","($382.6)","$77.0","($304.7)"
"Alex Cobb","Orioles","SP","588.5","168","579.0","($385.8)","$77.0","($307.8)"
"Adam Wainwright","Cardinals","SP","566.7","142","576.0","($388.9)","$77.0","($311.0)"
"Brandon Woodruff","Brewers","SP","292.9","132","576.0","($388.9)","$77.0","($311.0)"
"Eduardo Rodriguez","Red Sox","SP","148.8","120","576.0","($388.9)","$77.0","($311.0)"
"Brad Keller","Royals","SP","528.8","161","573.0","($392.1)","$77.0","($314.1)"
"Aaron Sanchez","Blue Jays","SP","412.8","150","573.0","($392.1)","$77.0","($314.1)"
"Tanner Roark","Reds","SP","476.5","142","570.0","($395.2)","$77.0","($317.3)"
"Luke Weaver","Diamondbacks","SP","283.8","132","567.0","($398.4)","$77.0","($320.4)"
"Jordan Zimmermann","Tigers","SP","590.8","159","555.0","($411.0)","$77.0","($333.0)"
"Trevor Williams","Pirates","SP","345.9","144","549.0","($417.3)","$77.0","($339.3)"
"Dereck Rodriguez","Giants","SP","398.8","140","549.0","($417.3)","$77.0","($339.3)"
"Michael Wacha","Cardinals","SP","265.9","131","549.0","($417.3)","$77.0","($339.3)"
"Matt Shoemaker","Blue Jays","SP","581.0","130","546.0","($420.4)","$77.0","($342.5)"
"Justus Sheffield","Mariners","SP","501.6","130","540.0","($426.7)","$77.0","($348.8)"
"Julio Teheran","Braves","SP","279.7","131","534.0","($433.0)","$77.0","($355.1)"
"Ross Stripling","Dodgers","SP","193.9","114","531.0","($436.2)","$77.0","($358.2)"
"Ivan Nova","White Sox","SP","594.0","149","528.0","($439.3)","$77.0","($361.4)"
"Spencer Turnbull","Tigers","SP","999.0","138","528.0","($439.3)","$77.0","($361.4)"
"Alex Wood","Reds","SP","315.5","121","525.0","($442.5)","$77.0","($364.5)"
"Wade LeBlanc","Mariners","SP","584.9","140","519.0","($448.8)","$77.0","($370.8)"
"Wei-Yin Chen","Marlins","SP","599.5","125","516.0","($451.9)","$77.0","($374.0)"
"Shelby Miller","Rangers","SP","599.4","132","513.0","($455.1)","$77.0","($377.1)"
"Jordan Lyles","Pirates","SP","596.7","133","510.0","($458.3)","$77.0","($380.3)"
"Trevor Cahill","Angels","SP","484.0","119","507.0","($461.4)","$77.0","($383.4)"
"Julio Urias","Dodgers","SP","242.1","104","504.0","($464.6)","$77.0","($386.6)"
"Wade Miley","Astros","SP","444.2","132","498.0","($470.9)","$77.0","($392.9)"
"Matt Moore","Tigers","SP","600.5","139","498.0","($470.9)","$77.0","($392.9)"
"Lucas Giolito","White Sox","SP","575.1","138","495.0","($474.0)","$77.0","($396.0)"
"Matt Strahm","Padres","SP","257.4","99","495.0","($474.0)","$77.0","($396.0)"
"Sandy Alcantara","Marlins","SP","563.4","130","492.0","($477.2)","$77.0","($399.2)"
"Jesus Luzardo","","SP","290.8","112","489.0","($480.3)","$77.0","($402.3)"
"Tyson Ross","Tigers","SP","591.2","138","489.0","($480.3)","$77.0","($402.3)"
"Chase Anderson","Brewers","SP","534.0","120","489.0","($480.3)","$77.0","($402.3)"
"CC Sabathia","Yankees","SP","560.5","120","486.0","($483.5)","$77.0","($405.5)"
"Dakota Hudson","Cardinals","SP","463.5","133","486.0","($483.5)","$77.0","($405.5)"
"Dinelson Lamet","Padres","SP","596.8","93","468.0","($502.4)","$77.0","($424.4)"
"Frankie Montas","Athletics","SP","577.8","123","468.0","($502.4)","$77.0","($424.4)"
"Merrill Kelly","Diamondbacks","SP","999.0","118","468.0","($502.4)","$77.0","($424.4)"
"Kyle Wright","Braves","SP","476.5","112","462.0","($508.7)","$77.0","($430.7)"
"Edinson Volquez","Rangers","SP","600.0","131","459.0","($511.8)","$77.0","($433.8)"
"Zach Davies","Brewers","SP","587.7","120","459.0","($511.8)","$77.0","($433.8)"
"Jason Vargas","Mets","SP","596.8","113","453.0","($518.1)","$77.0","($440.2)"
"Yonny Chirinos","Rays","SP","579.2","114","450.0","($521.3)","$77.0","($443.3)"
"Marco Estrada","Athletics","SP","589.5","130","450.0","($521.3)","$77.0","($443.3)"
"Ryan Yarbrough","Rays","SP","521.5","114","447.0","($524.4)","$77.0","($446.5)"
"Josh Hader","Brewers","RP","105.1","65","447.0","($524.4)","$77.0","($446.5)"
"Edwin Diaz","Mets","RP","52.4","65","444.0","($527.6)","$77.0","($449.6)"
"Aroldis Chapman","Yankees","RP","74.1","65","444.0","($527.6)","$77.0","($449.6)"
"Craig Kimbrel","","RP","95.4","65","432.0","($540.2)","$77.0","($462.2)"
"Andrew Cashner","Orioles","SP","999.0","140","429.0","($543.3)","$77.0","($465.4)"
"Touki Toussaint","Braves","SP","387.1","93","429.0","($543.3)","$77.0","($465.4)"
"Mike Montgomery","Cubs","SP","597.3","107","423.0","($549.6)","$77.0","($471.7)"
"Martin Perez","Twins","SP","579.7","123","414.0","($559.1)","$77.0","($481.1)"
"Clay Buchholz","Blue Jays","SP","577.3","112","414.0","($559.1)","$77.0","($481.1)"
"Caleb Ferguson","Dodgers","SP","598.1","83","411.0","($562.2)","$77.0","($484.3)"
"Jaime Barria","Angels","SP","565.7","113","411.0","($562.2)","$77.0","($484.3)"
"Jalen Beeks","Rays","SP","600.3","93","411.0","($562.2)","$77.0","($484.3)"
"Brad Hand","Indians","RP","74.6","70","402.0","($571.7)","$77.0","($493.7)"
"James Shields","","SP","599.0","113","402.0","($571.7)","$77.0","($493.7)"
"Dellin Betances","Yankees","RP","380.9","60","402.0","($571.7)","$77.0","($493.7)"
"Chad Green","Yankees","RP","540.8","70","402.0","($571.7)","$77.0","($493.7)"
"Jeremy Hellickson","Nationals","SP","578.3","113","399.0","($574.8)","$77.0","($496.9)"
"Bryse Wilson","Braves","SP","556.3","87","399.0","($574.8)","$77.0","($496.9)"
"Alex Reyes","Cardinals","SP","249.6","78","396.0","($578.0)","$77.0","($500.0)"
"Drew Pomeranz","Giants","SP","546.6","94","396.0","($578.0)","$77.0","($500.0)"
"David Robertson","Phillies","RP","154.7","65","393.0","($581.1)","$77.0","($503.2)"
"Jorge Lopez","Royals","SP","999.0","111","393.0","($581.1)","$77.0","($503.2)"
"Matt Andriese","Diamondbacks","SP","999.0","92","393.0","($581.1)","$77.0","($503.2)"
"Robbie Erlin","Padres","SP","576.2","93","393.0","($581.1)","$77.0","($503.2)"
"Kirby Yates","Padres","RP","99.6","65","387.0","($587.4)","$77.0","($509.5)"
"Tyler Mahle","Reds","SP","591.7","94","387.0","($587.4)","$77.0","($509.5)"
"Mike Wright Jr.","Orioles","SP","999.0","110","387.0","($587.4)","$77.0","($509.5)"
"David Hess","Orioles","SP","999.0","120","384.0","($590.6)","$77.0","($512.6)"
"Jose Leclerc","Rangers","RP","107.8","65","384.0","($590.6)","$77.0","($512.6)"
"Daniel Norris","Tigers","SP","601.0","91","381.0","($593.7)","$77.0","($515.8)"
"Trevor Rosenthal","Nationals","RP","530.5","65","381.0","($593.7)","$77.0","($515.8)"
"Clayton Richard","Blue Jays","SP","600.8","113","378.0","($596.9)","$77.0","($518.9)"
"Andrew Suarez","Giants","SP","595.2","93","378.0","($596.9)","$77.0","($518.9)"
"Will Smith","Giants","RP","172.6","65","375.0","($600.0)","$77.0","($522.1)"
"Seranthony Dominguez","Phillies","RP","218.2","65","375.0","($600.0)","$77.0","($522.1)"
"Matt Barnes","Red Sox","RP","204.4","65","372.0","($603.2)","$77.0","($525.2)"
"Blake Treinen","Athletics","RP","62.2","70","372.0","($603.2)","$77.0","($525.2)"
"Felipe Vazquez","Pirates","RP","83.7","65","372.0","($603.2)","$77.0","($525.2)"
"Adam Ottavino","Yankees","RP","414.0","65","369.0","($606.4)","$77.0","($528.4)"
"Ervin Santana","White Sox","SP","593.6","104","366.0","($609.5)","$77.0","($531.5)"
"Kenley Jansen","Dodgers","RP","72.6","65","366.0","($609.5)","$77.0","($531.5)"
"Sean Doolittle","Nationals","RP","100.9","65","366.0","($609.5)","$77.0","($531.5)"
"Joshua James","Astros","SP","276.3","72","363.0","($612.7)","$77.0","($534.7)"
"Ryan Pressly","Astros","RP","342.0","65","360.0","($615.8)","$77.0","($537.8)"
"Josh Tomlin","","SP","600.9","94","357.0","($619.0)","$77.0","($541.0)"
"Andrew Miller","Cardinals","RP","236.3","60","357.0","($619.0)","$77.0","($541.0)"
"Danny Salazar","Indians","RP","574.9","68","357.0","($619.0)","$77.0","($541.0)"
"Jesse Chavez","Rangers","RP","597.3","80","357.0","($619.0)","$77.0","($541.0)"
"Seth Lugo","Mets","SP/RP","567.1","79","357.0","($619.0)","$77.0","($541.0)"
"Keone Kela","Pirates","RP","553.7","60","354.0","($622.1)","$77.0","($544.1)"
"Archie Bradley","Diamondbacks","RP","208.8","70","354.0","($622.1)","$77.0","($544.1)"
"Chris Bassitt","Athletics","SP","601.0","91","354.0","($622.1)","$77.0","($544.1)"
"A.J. Minter","Braves","RP","303.5","65","351.0","($625.3)","$77.0","($547.3)"
"Wade Davis","Rockies","RP","118.0","65","345.0","($631.6)","$77.0","($553.6)"
"Raisel Iglesias","Reds","RP","110.0","65","345.0","($631.6)","$77.0","($553.6)"
"Jeurys Familia","Mets","RP","519.6","65","342.0","($634.7)","$77.0","($556.7)"
"Drew Steckenrider","Marlins","RP","342.0","65","342.0","($634.7)","$77.0","($556.7)"
"Chris Stratton","Angels","SP","599.7","86","342.0","($634.7)","$77.0","($556.7)"
"Ken Giles","Blue Jays","RP","133.0","65","342.0","($634.7)","$77.0","($556.7)"
"Jose Alvarado","Rays","RP","151.1","60","339.0","($637.9)","$77.0","($559.9)"
"Lou Trivino","Athletics","RP","560.1","70","339.0","($637.9)","$77.0","($559.9)"
"Carl Edwards Jr.","Cubs","RP","564.3","60","339.0","($637.9)","$77.0","($559.9)"
"Brent Honeywell","","SP","557.9","75","336.0","($641.0)","$77.0","($563.0)"
"Joe Kelly","Dodgers","RP","577.9","65","336.0","($641.0)","$77.0","($563.0)"
"Edwin Jackson","","SP","600.6","92","333.0","($644.2)","$77.0","($566.2)"
"Joe Jimenez","Tigers","RP","442.6","65","333.0","($644.2)","$77.0","($566.2)"
"Dylan Covey","White Sox","SP","999.0","95","333.0","($644.2)","$77.0","($566.2)"
"Cody Allen","Angels","RP","148.8","65","333.0","($644.2)","$77.0","($566.2)"
"Steven Wright","Red Sox","SP","600.9","88","330.0","($647.3)","$77.0","($569.3)"
"Ryan Borucki","Blue Jays","SP","595.2","93","330.0","($647.3)","$77.0","($569.3)"
"Arodys Vizcaino","Braves","RP","182.5","65","327.0","($650.5)","$77.0","($572.5)"
"Manny Banuelos","White Sox","SP","600.3","76","327.0","($650.5)","$77.0","($572.5)"
"Jimmy Nelson","Brewers","SP","322.1","75","327.0","($650.5)","$77.0","($572.5)"
"Joakim Soria","Athletics","RP","581.2","65","324.0","($653.6)","$77.0","($575.6)"
"Pedro Strop","Cubs","RP","202.4","65","324.0","($653.6)","$77.0","($575.6)"
"Will Harris","Astros","RP","598.3","65","324.0","($653.6)","$77.0","($575.6)"
"Diego Castillo","Rays","RP","540.2","60","324.0","($653.6)","$77.0","($575.6)"
"Amir Garrett","Reds","RP","600.3","65","324.0","($653.6)","$77.0","($575.6)"
"Roberto Osuna","Astros","RP","77.6","65","324.0","($653.6)","$77.0","($575.6)"
"Mychal Givens","Orioles","RP","241.6","65","324.0","($653.6)","$77.0","($575.6)"
"Trevor May","Twins","RP","212.6","65","321.0","($656.8)","$77.0","($578.8)"
"Trey Wingenter","Padres","RP","999.0","60","321.0","($656.8)","$77.0","($578.8)"
"Framber Valdez","Astros","SP","587.4","74","321.0","($656.8)","$77.0","($578.8)"
"Yovani Gallardo","","SP","999.0","94","318.0","($659.9)","$77.0","($581.9)"
"Sergio Romo","Marlins","RP","355.6","65","315.0","($663.1)","$77.0","($585.1)"
"Craig Stammen","Padres","RP","580.9","65","312.0","($666.2)","$77.0","($588.3)"
"Tony Watson","Giants","RP","594.7","65","312.0","($666.2)","$77.0","($588.3)"
"Shawn Armstrong","Mariners","RP","597.8","60","312.0","($666.2)","$77.0","($588.3)"
"Blake Parker","Twins","RP","400.6","65","309.0","($669.4)","$77.0","($591.4)"
"Felix Hernandez","Mariners","SP","597.7","83","309.0","($669.4)","$77.0","($591.4)"
"Richard Rodriguez","Pirates","RP","598.8","60","309.0","($669.4)","$77.0","($591.4)"
"Greg Holland","Diamondbacks","RP","412.6","65","303.0","($675.7)","$77.0","($597.7)"
"Seunghwan Oh","Rockies","RP","590.4","65","303.0","($675.7)","$77.0","($597.7)"
"Ryan Tepera","Blue Jays","RP","595.3","65","303.0","($675.7)","$77.0","($597.7)"
"Nate Jones","White Sox","RP","582.9","60","300.0","($678.8)","$77.0","($600.9)"
"Daniel Mengden","Athletics","SP","592.0","84","300.0","($678.8)","$77.0","($600.9)"
"Mitch Keller","","SP","582.9","75","297.0","($682.0)","$77.0","($604.0)"
"Kelvin Herrera","White Sox","RP","379.3","65","297.0","($682.0)","$77.0","($604.0)"
"Darren O'Day","Braves","RP","598.5","55","297.0","($682.0)","$77.0","($604.0)"
"Max Fried","Braves","SP/RP","557.1","62","297.0","($682.0)","$77.0","($604.0)"
"Tayron Guerrero","Marlins","RP","600.8","60","297.0","($682.0)","$77.0","($604.0)"
"Chad Bettis","Rockies","SP","600.4","87","297.0","($682.0)","$77.0","($604.0)"
"Ty Buttrey","Angels","RP","533.7","60","294.0","($685.1)","$77.0","($607.2)"
"Robert Stephenson","Reds","RP","999.0","59","291.0","($688.3)","$77.0","($610.3)"
"Taylor Rogers","Twins","RP","549.7","60","291.0","($688.3)","$77.0","($610.3)"
"Shane Greene","Tigers","RP","228.5","65","291.0","($688.3)","$77.0","($610.3)"
"Anthony Swarzak","Mariners","RP","575.7","60","288.0","($691.4)","$77.0","($613.5)"
"John Gant","Cardinals","SP/RP","592.3","68","288.0","($691.4)","$77.0","($613.5)"
"Brad Boxberger","Royals","RP","309.2","60","288.0","($691.4)","$77.0","($613.5)"
"Alex Colome","White Sox","RP","186.7","60","285.0","($694.6)","$77.0","($616.6)"
"Ryan Brasier","Red Sox","RP","325.9","65","285.0","($694.6)","$77.0","($616.6)"
"Matt Albers","Brewers","RP","600.5","65","285.0","($694.6)","$77.0","($616.6)"
"Mark Melancon","Giants","RP","499.3","65","285.0","($694.6)","$77.0","($616.6)"
"Zack Britton","Yankees","RP","506.6","60","285.0","($694.6)","$77.0","($616.6)"
"Jake Diekman","Royals","RP","601.0","55","282.0","($697.7)","$77.0","($619.8)"
"David Hernandez","Reds","RP","600.5","60","282.0","($697.7)","$77.0","($619.8)"
"Bartolo Colon","","SP","601.0","93","279.0","($700.9)","$77.0","($622.9)"
"Hector Rondon","Astros","RP","593.5","55","279.0","($700.9)","$77.0","($622.9)"
"Matt Hall","Tigers","SP","999.0","71","279.0","($700.9)","$77.0","($622.9)"
"Tanner Scott","Orioles","RP","599.2","50","279.0","($700.9)","$77.0","($622.9)"
"Paul Fry","Orioles","RP","600.2","60","279.0","($700.9)","$77.0","($622.9)"
"Reyes Moronta","Giants","RP","596.7","50","279.0","($700.9)","$77.0","($622.9)"
"Wilmer Font","Rays","SP/RP","600.9","59","276.0","($704.0)","$77.0","($626.1)"
"Jordan Hicks","Cardinals","RP","163.6","60","276.0","($704.0)","$77.0","($626.1)"
"Hunter Strickland","Mariners","RP","214.6","65","273.0","($707.2)","$77.0","($629.2)"
"Junior Guerra","Brewers","RP","600.4","60","273.0","($707.2)","$77.0","($629.2)"
"Scott Oberg","Rockies","RP","593.5","60","273.0","($707.2)","$77.0","($629.2)"
"Kyle Barraclough","Nationals","RP","596.2","55","273.0","($707.2)","$77.0","($629.2)"
"Andrew Chafin","Diamondbacks","RP","999.0","55","273.0","($707.2)","$77.0","($629.2)"
"Brandon Morrow","Cubs","RP","298.0","55","270.0","($710.3)","$77.0","($632.4)"
"Taijuan Walker","Diamondbacks","SP","592.5","65","270.0","($710.3)","$77.0","($632.4)"
"Nick Anderson","","RP","999.0","50","267.0","($713.5)","$77.0","($635.5)"
"Yoan Lopez","Diamondbacks","RP","601.0","50","267.0","($713.5)","$77.0","($635.5)"
"Jace Fry","White Sox","RP","592.8","50","267.0","($713.5)","$77.0","($635.5)"
"Jharel Cotton","Athletics","SP","600.9","65","267.0","($713.5)","$77.0","($635.5)"
"Sam Gaviglio","Blue Jays","SP","600.9","73","267.0","($713.5)","$77.0","($635.5)"
"Taylor Cole","Angels","RP","999.0","59","267.0","($713.5)","$77.0","($635.5)"
"Chris Ellis","Royals","SP","999.0","72","261.0","($719.8)","$77.0","($641.8)"
"Yoshihisa Hirano","Diamondbacks","RP","540.3","60","258.0","($722.9)","$77.0","($645.0)"
"Adam Conley","Marlins","RP","564.6","60","258.0","($722.9)","$77.0","($645.0)"
"John Brebbia","Cardinals","RP","600.3","50","258.0","($722.9)","$77.0","($645.0)"
"Jared Hughes","Reds","RP","582.3","65","255.0","($726.1)","$77.0","($648.1)"
"Robert Gsellman","Mets","RP","598.7","60","255.0","($726.1)","$77.0","($648.1)"
"Chris Devenski","Astros","RP","593.1","50","255.0","($726.1)","$77.0","($648.1)"
"Adrian Houser","Brewers","RP","999.0","68","255.0","($726.1)","$77.0","($648.1)"
"Neil Ramirez","Indians","RP","600.8","50","252.0","($729.2)","$77.0","($651.3)"
"Tyler Olson","Indians","RP","999.0","50","252.0","($729.2)","$77.0","($651.3)"
"Bud Norris","Blue Jays","RP","565.9","50","249.0","($732.4)","$77.0","($654.4)"
"Steve Cishek","Cubs","RP","557.5","50","249.0","($732.4)","$77.0","($654.4)"
"Hector Santiago","Mets","SP/RP","999.0","58","249.0","($732.4)","$77.0","($654.4)"
"Yusmeiro Petit","Athletics","RP","600.3","60","249.0","($732.4)","$77.0","($654.4)"
"Jorge De La Rosa","","RP","999.0","60","249.0","($732.4)","$77.0","($654.4)"
"Buck Farmer","Tigers","RP","600.9","60","249.0","($732.4)","$77.0","($654.4)"
"Adalberto Mejia","Twins","RP","601.0","63","249.0","($732.4)","$77.0","($654.4)"
"Reymin Guduan","Astros","RP","999.0","50","249.0","($732.4)","$77.0","($654.4)"
"Heath Hembree","Red Sox","RP","999.0","50","249.0","($732.4)","$77.0","($654.4)"
"Chaz Roe","Rays","RP","595.8","50","246.0","($735.5)","$77.0","($657.6)"
"Justin Miller","Nationals","RP","600.9","50","246.0","($735.5)","$77.0","($657.6)"
"AJ Ramos","","RP","999.0","50","246.0","($735.5)","$77.0","($657.6)"
"Pedro Baez","Dodgers","RP","600.8","50","246.0","($735.5)","$77.0","($657.6)"
"Pat Neshek","Phillies","RP","600.6","55","246.0","($735.5)","$77.0","($657.6)"
"Ryan Madson","","RP","600.8","50","246.0","($735.5)","$77.0","($657.6)"
"Sam Dyson","Giants","RP","600.3","60","246.0","($735.5)","$77.0","($657.6)"
"Erik Swanson","","SP","999.0","57","243.0","($738.7)","$77.0","($660.7)"
"Tony Sipp","Nationals","RP","999.0","50","243.0","($738.7)","$77.0","($660.7)"
"Tyler Kinley","Marlins","RP","999.0","50","243.0","($738.7)","$77.0","($660.7)"
"Trent Thornton","Blue Jays","RP","999.0","59","243.0","($738.7)","$77.0","($660.7)"
"Tyler Thornburg","Red Sox","RP","597.3","60","243.0","($738.7)","$77.0","($660.7)"
"Homer Bailey","Royals","SP","601.0","75","240.0","($741.8)","$77.0","($663.9)"
"Luke Gregerson","Cardinals","RP","999.0","50","240.0","($741.8)","$77.0","($663.9)"
"Heath Fillmyer","Royals","SP","999.0","72","240.0","($741.8)","$77.0","($663.9)"
"Cody Reed","Reds","SP/RP","600.9","56","240.0","($741.8)","$77.0","($663.9)"
"Tim Mayza","Blue Jays","RP","999.0","50","240.0","($741.8)","$77.0","($663.9)"
"Yohander Mendez","Rangers","SP","600.3","75","240.0","($741.8)","$77.0","($663.9)"
"Kyle Crick","Pirates","RP","600.7","50","240.0","($741.8)","$77.0","($663.9)"
"Tommy Hunter","Phillies","RP","999.0","55","240.0","($741.8)","$77.0","($663.9)"
"Justin Anderson","Angels","RP","999.0","50","237.0","($745.0)","$77.0","($667.0)"
"Fernando Romero","Twins","SP","597.3","63","237.0","($745.0)","$77.0","($667.0)"
"Michael Lorenzen","Reds","RP","600.3","59","237.0","($745.0)","$77.0","($667.0)"
"Alex Claudio","Brewers","RP","600.0","60","237.0","($745.0)","$77.0","($667.0)"
"Nathan Karns","Orioles","SP","597.5","56","237.0","($745.0)","$77.0","($667.0)"
"Michael Soroka","Braves","SP","528.6","56","234.0","($748.2)","$77.0","($670.2)"
"Erick Fedde","Nationals","SP","601.0","56","234.0","($748.2)","$77.0","($670.2)"
"J.B. Wendelken","Athletics","RP","999.0","50","234.0","($748.2)","$77.0","($670.2)"
"Addison Reed","Twins","RP","598.5","60","234.0","($748.2)","$77.0","($670.2)"
"Ryan Buchter","Athletics","RP","600.6","50","231.0","($751.3)","$77.0","($673.3)"
"Justin Wilson","Mets","RP","600.5","40","231.0","($751.3)","$77.0","($673.3)"
"Cionel Perez","Astros","RP","999.0","50","231.0","($751.3)","$77.0","($673.3)"
"Adam Cimber","Indians","RP","599.0","60","231.0","($751.3)","$77.0","($673.3)"
"Dominic Leone","Cardinals","RP","600.0","50","231.0","($751.3)","$77.0","($673.3)"
"Blake Wood","","RP","999.0","50","231.0","($751.3)","$77.0","($673.3)"
"Roenis Elias","Mariners","RP","601.0","59","231.0","($751.3)","$77.0","($673.3)"
"Jerad Eickhoff","Phillies","SP","586.3","56","231.0","($751.3)","$77.0","($673.3)"
"Brett Anderson","Athletics","SP","597.7","66","228.0","($754.5)","$77.0","($676.5)"
"Rhiner Cruz","","RP","999.0","50","228.0","($754.5)","$77.0","($676.5)"
"Jonathan Holder","Yankees","RP","600.3","50","228.0","($754.5)","$77.0","($676.5)"
"Hector Neris","Phillies","RP","585.5","40","228.0","($754.5)","$77.0","($676.5)"
"Scott Alexander","Dodgers","RP","600.9","50","228.0","($754.5)","$77.0","($676.5)"
"Wily Peralta","Royals","RP","396.5","55","225.0","($757.6)","$77.0","($679.6)"
"Gabriel Moya","Twins","RP","999.0","50","225.0","($757.6)","$77.0","($679.6)"
"Pierce Johnson","","RP","999.0","50","225.0","($757.6)","$77.0","($679.6)"
"Hansel Robles","Angels","RP","600.5","50","225.0","($757.6)","$77.0","($679.6)"
"Nick Vincent","Giants","RP","999.0","50","222.0","($760.8)","$77.0","($682.8)"
"Ryne Stanek","Rays","RP","593.9","40","222.0","($760.8)","$77.0","($682.8)"
"Cam Bedrosian","Angels","RP","600.8","50","222.0","($760.8)","$77.0","($682.8)"
"Jonny Venters","Braves","RP","999.0","50","219.0","($763.9)","$77.0","($685.9)"
"Domingo German","Yankees","SP/RP","380.2","48","219.0","($763.9)","$77.0","($685.9)"
"Trevor Hildenberger","Twins","RP","597.0","50","219.0","($763.9)","$77.0","($685.9)"
"Chris Martin","Rangers","RP","600.8","50","219.0","($763.9)","$77.0","($685.9)"
"Nick Kingham","Pirates","SP","580.9","54","219.0","($763.9)","$77.0","($685.9)"
"Jesse Biddle","Braves","RP","999.0","45","219.0","($763.9)","$77.0","($685.9)"
"Jake McGee","Rockies","RP","600.8","50","216.0","($767.1)","$77.0","($689.1)"
"Brad Brach","Cubs","RP","596.7","45","216.0","($767.1)","$77.0","($689.1)"
"Hector Velazquez","Red Sox","SP/RP","601.0","59","216.0","($767.1)","$77.0","($689.1)"
"Daniel Stumpf","Tigers","RP","999.0","50","216.0","($767.1)","$77.0","($689.1)"
"Joe Ross","Nationals","SP","585.5","56","216.0","($767.1)","$77.0","($689.1)"
"Nick Tropeano","Angels","SP","600.9","55","216.0","($767.1)","$77.0","($689.1)"
"Zac Rosscup","Mariners","RP","999.0","40","213.0","($770.2)","$77.0","($692.2)"
"Cory Gearrin","Mariners","RP","999.0","50","213.0","($770.2)","$77.0","($692.2)"
"Tyler Chatwood","Cubs","SP","598.9","54","213.0","($770.2)","$77.0","($692.2)"
"Adam Morgan","Phillies","RP","999.0","45","213.0","($770.2)","$77.0","($692.2)"
"Tommy Kahnle","Yankees","RP","600.7","40","213.0","($770.2)","$77.0","($692.2)"
"A.J. Puk","","SP","583.4","47","210.0","($773.4)","$77.0","($695.4)"
"Adam Warren","Padres","RP","999.0","45","210.0","($773.4)","$77.0","($695.4)"
"Bryan Shaw","Rockies","RP","999.0","50","210.0","($773.4)","$77.0","($695.4)"
"Richard Bleier","Orioles","RP","599.1","65","210.0","($773.4)","$77.0","($695.4)"
"Robert Stock","Padres","RP","999.0","45","210.0","($773.4)","$77.0","($695.4)"
"Blaine Hardy","Tigers","RP","999.0","50","210.0","($773.4)","$77.0","($695.4)"
"Tim Hill","Royals","RP","599.1","50","210.0","($773.4)","$77.0","($695.4)"
"Jimmie Sherfy","Diamondbacks","RP","601.0","40","210.0","($773.4)","$77.0","($695.4)"
"Joaquin Benoit","","RP","999.0","50","210.0","($773.4)","$77.0","($695.4)"
"Juan Nicasio","Phillies","RP","999.0","40","207.0","($776.5)","$77.0","($698.5)"
"Jose De Leon","Rays","SP","600.9","46","207.0","($776.5)","$77.0","($698.5)"
"Oliver Perez","Indians","RP","999.0","40","207.0","($776.5)","$77.0","($698.5)"
"Brian Johnson","Red Sox","SP/RP","999.0","56","207.0","($776.5)","$77.0","($698.5)"
"Mike Dunn","Rockies","RP","999.0","50","204.0","($779.7)","$77.0","($701.7)"
"Jeremy Jeffress","Brewers","RP","429.0","40","204.0","($779.7)","$77.0","($701.7)"
"Bobby Poyner","Red Sox","RP","999.0","50","204.0","($779.7)","$77.0","($701.7)"
"Matt Koch","Diamondbacks","SP/RP","999.0","64","204.0","($779.7)","$77.0","($701.7)"
"Jonathan Loaisiga","Yankees","RP","552.5","43","201.0","($782.8)","$77.0","($704.8)"
"Ian Hamilton","White Sox","RP","600.9","45","201.0","($782.8)","$77.0","($704.8)"
"Evan Phillips","Orioles","RP","999.0","45","201.0","($782.8)","$77.0","($704.8)"
"Cody Carroll","Orioles","RP","999.0","45","201.0","($782.8)","$77.0","($704.8)"
"Jon Edwards","Indians","RP","999.0","40","201.0","($782.8)","$77.0","($704.8)"
"Dylan Floro","Dodgers","RP","999.0","50","201.0","($782.8)","$77.0","($704.8)"
"Michael Feliz","Pirates","RP","999.0","40","201.0","($782.8)","$77.0","($704.8)"
"Aaron Loup","Padres","RP","999.0","40","201.0","($782.8)","$77.0","($704.8)"
"Daniel Hudson","Blue Jays","RP","999.0","45","198.0","($786.0)","$77.0","($708.0)"
"Allen Webster","","RP","999.0","50","198.0","($786.0)","$77.0","($708.0)"
"Daniel Zamora","Mets","RP","999.0","40","198.0","($786.0)","$77.0","($708.0)"
"Dean Deetz","Astros","RP","999.0","40","198.0","($786.0)","$77.0","($708.0)"
"Junichi Tazawa","","RP","999.0","50","195.0","($789.1)","$77.0","($711.1)"
"Luis Avilan","Mets","RP","999.0","40","195.0","($789.1)","$77.0","($711.1)"
"Matt Belisle","","RP","999.0","50","195.0","($789.1)","$77.0","($711.1)"
"Sean Reid-Foley","Blue Jays","SP","599.7","46","195.0","($789.1)","$77.0","($711.1)"
"Eric Skoglund","Royals","SP","999.0","56","195.0","($789.1)","$77.0","($711.1)"
"Dan Otero","Indians","RP","999.0","50","192.0","($792.3)","$77.0","($714.3)"
"Austin Brice","Marlins","RP","999.0","45","192.0","($792.3)","$77.0","($714.3)"
"Miguel Castro","Orioles","RP","600.6","55","192.0","($792.3)","$77.0","($714.3)"
"Emilio Pagan","Rays","RP","601.0","40","192.0","($792.3)","$77.0","($714.3)"
"Caleb Frare","White Sox","RP","999.0","40","192.0","($792.3)","$77.0","($714.3)"
"James Pazos","Phillies","RP","999.0","40","192.0","($792.3)","$77.0","($714.3)"
"Marcus Walden","Red Sox","RP","999.0","50","189.0","($795.4)","$77.0","($717.4)"
"Gio Gonzalez","Yankees","SP","546.6","46","189.0","($795.4)","$77.0","($717.4)"
"Ian Kennedy","Royals","RP","600.6","45","189.0","($795.4)","$77.0","($717.4)"
"Zach Duke","Reds","RP","999.0","40","189.0","($795.4)","$77.0","($717.4)"
"Jeffrey Springs","Rangers","RP","999.0","40","189.0","($795.4)","$77.0","($717.4)"
"Hunter Wood","Rays","RP","999.0","40","189.0","($795.4)","$77.0","($717.4)"
"Taylor Williams","Brewers","RP","600.2","40","189.0","($795.4)","$77.0","($717.4)"
"Tim Peterson","Mets","RP","999.0","40","189.0","($795.4)","$77.0","($717.4)"
"Walker Lockett","Mets","SP","999.0","48","189.0","($795.4)","$77.0","($717.4)"
"Felix Pena","Angels","SP","584.8","46","189.0","($795.4)","$77.0","($717.4)"
"Ryan Carpenter","Tigers","SP","999.0","55","189.0","($795.4)","$77.0","($717.4)"
"Jose Alvarez","Phillies","RP","600.0","40","186.0","($798.6)","$77.0","($720.6)"
"Adam Plutko","Indians","SP/RP","999.0","49","186.0","($798.6)","$77.0","($720.6)"
"Joe Biagini","Blue Jays","RP","999.0","50","186.0","($798.6)","$77.0","($720.6)"
"Fernando Rodney","Athletics","RP","596.3","40","183.0","($801.7)","$77.0","($723.7)"
"Luis Garcia","Angels","RP","999.0","40","180.0","($804.9)","$77.0","($726.9)"
"Stephen Gonsalves","Twins","SP","600.9","47","180.0","($804.9)","$77.0","($726.9)"
"Cody Anderson","Indians","RP","999.0","48","180.0","($804.9)","$77.0","($726.9)"
"Erasmo Ramirez","Red Sox","SP","999.0","49","180.0","($804.9)","$77.0","($726.9)"
"Chris Rusin","Rockies","RP","999.0","45","177.0","($808.0)","$77.0","($730.0)"
"Shawn Kelley","Rangers","RP","600.1","40","177.0","($808.0)","$77.0","($730.0)"
"Ty Blach","Giants","SP/RP","999.0","53","177.0","($808.0)","$77.0","($730.0)"
"Connor Sadzeck","Mariners","RP","999.0","40","177.0","($808.0)","$77.0","($730.0)"
"Koda Glover","Nationals","RP","600.8","40","174.0","($811.2)","$77.0","($733.2)"
"Jeff Brigham","Marlins","SP","999.0","46","174.0","($811.2)","$77.0","($733.2)"
"Steven Brault","Pirates","RP","999.0","40","174.0","($811.2)","$77.0","($733.2)"
"Jimmy Yacabonis","Orioles","SP/RP","999.0","48","174.0","($811.2)","$77.0","($733.2)"
"Yimi Garcia","Dodgers","RP","999.0","40","174.0","($811.2)","$77.0","($733.2)"
"Matt Magill","Twins","RP","999.0","40","171.0","($814.3)","$77.0","($736.4)"
"Kyle Bird","","RP","999.0","40","168.0","($817.5)","$77.0","($739.5)"
"Cal Quantrill","","SP","600.7","47","168.0","($817.5)","$77.0","($739.5)"
"Carson Fulmer","White Sox","SP","999.0","48","168.0","($817.5)","$77.0","($739.5)"
"Drew VerHagen","Tigers","RP","999.0","40","168.0","($817.5)","$77.0","($739.5)"
"Adam Kolarek","Rays","RP","999.0","40","168.0","($817.5)","$77.0","($739.5)"
"Austin Pruitt","Rays","RP","600.7","40","165.0","($820.6)","$77.0","($742.7)"
"Thyago Vieira","White Sox","RP","999.0","40","165.0","($820.6)","$77.0","($742.7)"
"Clay Holmes","Pirates","RP","999.0","39","165.0","($820.6)","$77.0","($742.7)"
"Shane Carle","Braves","RP","999.0","40","159.0","($826.9)","$77.0","($749.0)"
"Austin Voth","Nationals","RP","999.0","39","159.0","($826.9)","$77.0","($749.0)"
"Matt Grace","Nationals","RP","999.0","40","159.0","($826.9)","$77.0","($749.0)"
"Kevin McCarthy","Royals","RP","600.0","45","156.0","($830.1)","$77.0","($752.1)"
"Luis Cessa","Yankees","SP/RP","586.9","39","156.0","($830.1)","$77.0","($752.1)"
"Ariel Jurado","Rangers","SP","999.0","57","153.0","($833.2)","$77.0","($755.3)"
"Yefry Ramirez","Orioles","SP/RP","999.0","39","153.0","($833.2)","$77.0","($755.3)"
"Brandon Kintzler","Cubs","RP","999.0","40","150.0","($836.4)","$77.0","($758.4)"
"Victor Alcantara","Tigers","RP","600.7","40","150.0","($836.4)","$77.0","($758.4)"
"Glenn Sparkman","Royals","RP","999.0","43","144.0","($842.7)","$77.0","($764.7)"
"Chasen Bradford","Mariners","RP","999.0","40","144.0","($842.7)","$77.0","($764.7)"
"Jacob Nix","Padres","SP","999.0","37","141.0","($845.8)","$77.0","($767.9)"
"Josh Rogers","Orioles","SP","999.0","46","138.0","($849.0)","$77.0","($771.0)"
"JC Ramirez","Angels","SP","999.0","37","129.0","($858.4)","$77.0","($780.5)"
"Dillon Peters","Angels","SP","999.0","37","129.0","($858.4)","$77.0","($780.5)"
"Gabriel Ynoa","Orioles","RP","999.0","38","126.0","($861.6)","$77.0","($783.6)"
"Luis Ortiz","Orioles","SP","599.5","37","114.0","($874.2)","$77.0","($796.2)"
