County,Date,NewCases,NewPositiveTests,TotalTestEncounters
Hawaii,2/15/20,0,0,0
Hawaii,2/28/20,0,0,0
Hawaii,3/2/20,0,0,0
Hawaii,3/3/20,0,0,1
Hawaii,3/6/20,0,0,0
Hawaii,3/7/20,0,0,0
Hawaii,3/8/20,0,0,0
Hawaii,3/9/20,0,0,0
Hawaii,3/10/20,0,0,0
Hawaii,3/11/20,0,0,0
Hawaii,3/12/20,0,0,3
Hawaii,3/13/20,0,0,3
Hawaii,3/14/20,0,0,6
Hawaii,3/15/20,0,0,19
Hawaii,3/16/20,0,0,29
Hawaii,3/17/20,1,1,31
Hawaii,3/18/20,0,0,22
Hawaii,3/19/20,0,0,59
Hawaii,3/20/20,2,2,84
Hawaii,3/21/20,0,0,73
Hawaii,3/22/20,1,2,136
Hawaii,3/23/20,1,0,95
Hawaii,3/24/20,0,0,22
Hawaii,3/25/20,1,0,27
Hawaii,3/26/20,2,2,123
Hawaii,3/27/20,5,5,290
Hawaii,3/28/20,4,5,242
Hawaii,3/29/20,1,1,53
Hawaii,3/30/20,0,0,31
Hawaii,3/31/20,3,2,236
Hawaii,4/1/20,0,0,138
Hawaii,4/2/20,2,2,103
Hawaii,4/3/20,2,2,159
Hawaii,4/4/20,0,0,41
Hawaii,4/5/20,1,0,139
Hawaii,4/6/20,1,1,58
Hawaii,4/7/20,3,3,51
Hawaii,4/8/20,0,0,25
Hawaii,4/9/20,1,1,152
Hawaii,4/10/20,3,3,192
Hawaii,4/11/20,5,3,114
Hawaii,4/12/20,1,2,67
Hawaii,4/13/20,1,2,17
Hawaii,4/14/20,0,0,34
Hawaii,4/15/20,0,0,32
Hawaii,4/16/20,3,3,68
Hawaii,4/17/20,16,16,302
Hawaii,4/18/20,2,2,91
Hawaii,4/19/20,2,2,90
Hawaii,4/20/20,0,0,47
Hawaii,4/21/20,3,4,126
Hawaii,4/22/20,1,0,71
Hawaii,4/23/20,1,2,209
Hawaii,4/24/20,0,1,145
Hawaii,4/25/20,1,1,69
Hawaii,4/26/20,0,0,16
Hawaii,4/27/20,0,0,24
Hawaii,4/28/20,0,0,182
Hawaii,4/29/20,3,3,74
Hawaii,4/30/20,0,0,238
Hawaii,5/1/20,0,0,128
Hawaii,5/2/20,1,1,123
Hawaii,5/3/20,1,1,96
Hawaii,5/4/20,0,0,81
Hawaii,5/5/20,0,0,103
Hawaii,5/6/20,0,0,58
Hawaii,5/7/20,0,0,197
Hawaii,5/8/20,0,0,103
Hawaii,5/9/20,0,0,179
Hawaii,5/10/20,0,0,13
Hawaii,5/11/20,0,0,78
Hawaii,5/12/20,0,0,98
Hawaii,5/13/20,0,1,158
Hawaii,5/14/20,0,0,174
Hawaii,5/15/20,1,0,163
Hawaii,5/16/20,1,2,151
Hawaii,5/17/20,0,0,50
Hawaii,5/18/20,1,1,105
Hawaii,5/19/20,0,0,197
Hawaii,5/20/20,3,3,160
Hawaii,5/21/20,0,0,178
Hawaii,5/22/20,0,0,192
Hawaii,5/23/20,0,0,185
Hawaii,5/24/20,0,0,40
Hawaii,5/25/20,0,0,76
Hawaii,5/26/20,0,0,42
Hawaii,5/27/20,0,0,111
Hawaii,5/28/20,0,0,145
Hawaii,5/29/20,0,0,134
Hawaii,5/30/20,0,0,143
Hawaii,5/31/20,0,0,30
Hawaii,6/1/20,0,0,127
Hawaii,6/2/20,0,0,588
Hawaii,6/3/20,0,0,898
Hawaii,6/4/20,0,0,379
Hawaii,6/5/20,0,0,273
Hawaii,6/6/20,0,0,213
Hawaii,6/7/20,0,0,58
Hawaii,6/8/20,0,0,27
Hawaii,6/9/20,0,0,260
Hawaii,6/10/20,0,0,130
Hawaii,6/11/20,0,0,192
Hawaii,6/12/20,0,0,134
Hawaii,6/13/20,1,1,239
Hawaii,6/14/20,0,0,46
Hawaii,6/15/20,0,0,75
Hawaii,6/16/20,1,1,409
Hawaii,6/17/20,0,0,194
Hawaii,6/18/20,0,0,107
Hawaii,6/19/20,0,0,264
Hawaii,6/20/20,2,2,131
Hawaii,6/21/20,0,0,78
Hawaii,6/22/20,0,0,62
Hawaii,6/23/20,1,1,261
Hawaii,6/24/20,0,1,102
Hawaii,6/25/20,0,0,150
Hawaii,6/26/20,0,0,149
Hawaii,6/27/20,1,3,193
Hawaii,6/28/20,0,0,69
Hawaii,6/29/20,0,1,59
Hawaii,6/30/20,0,0,253
Hawaii,7/1/20,3,3,187
Hawaii,7/2/20,1,1,196
Hawaii,7/3/20,2,2,264
Hawaii,7/4/20,0,0,94
Hawaii,7/5/20,1,1,47
Hawaii,7/6/20,1,1,70
Hawaii,7/7/20,1,1,314
Hawaii,7/8/20,1,1,196
Hawaii,7/9/20,1,1,265
Hawaii,7/10/20,2,2,260
Hawaii,7/11/20,1,1,192
Hawaii,7/12/20,1,0,93
Hawaii,7/13/20,3,3,61
Hawaii,7/14/20,2,2,409
Hawaii,7/15/20,0,1,297
Hawaii,7/16/20,2,2,366
Hawaii,7/17/20,1,1,694
Hawaii,7/18/20,2,1,382
Hawaii,7/19/20,1,0,140
Hawaii,7/20/20,0,1,139
Hawaii,7/21/20,0,1,696
Hawaii,7/22/20,2,1,255
Hawaii,7/23/20,0,0,276
Hawaii,7/24/20,0,0,257
Hawaii,7/25/20,0,0,748
Hawaii,7/26/20,0,0,73
Hawaii,7/27/20,0,0,73
Hawaii,7/28/20,0,0,343
Hawaii,7/29/20,0,0,188
Hawaii,7/30/20,0,0,154
Hawaii,7/31/20,0,0,159
Hawaii,8/1/20,0,1,280
Hawaii,8/2/20,2,0,112
Hawaii,8/3/20,4,8,169
Hawaii,8/4/20,0,0,292
Hawaii,8/5/20,1,2,296
Hawaii,8/6/20,0,0,333
Hawaii,8/7/20,4,4,328
Hawaii,8/8/20,3,3,393
Hawaii,8/9/20,0,0,148
Hawaii,8/10/20,1,1,142
Hawaii,8/11/20,2,2,389
Hawaii,8/12/20,4,3,410
Hawaii,8/13/20,4,4,555
Hawaii,8/14/20,3,4,387
Hawaii,8/15/20,4,5,366
Hawaii,8/16/20,2,2,143
Hawaii,8/17/20,3,4,123
Hawaii,8/18/20,7,10,364
Hawaii,8/19/20,5,8,200
Hawaii,8/20/20,14,14,361
Hawaii,8/21/20,15,13,404
Hawaii,8/22/20,8,8,389
Hawaii,8/23/20,9,7,461
Hawaii,8/24/20,11,12,535
Hawaii,8/25/20,23,23,582
Hawaii,8/26/20,10,11,253
Hawaii,8/27/20,26,24,683
Hawaii,8/28/20,39,43,850
Hawaii,8/29/20,21,22,522
Hawaii,8/30/20,25,23,309
Hawaii,8/31/20,18,19,985
Hawaii,9/1/20,34,34,716
Hawaii,9/2/20,17,16,750
Hawaii,9/3/20,34,36,801
Hawaii,9/4/20,23,21,522
Hawaii,9/5/20,13,14,805
Hawaii,9/6/20,11,13,278
Hawaii,9/7/20,6,5,249
Hawaii,9/8/20,13,14,630
Hawaii,9/9/20,7,10,946
Hawaii,9/10/20,21,20,745
Hawaii,9/11/20,8,12,526
Hawaii,9/12/20,19,13,700
Hawaii,9/13/20,7,7,467
Hawaii,9/14/20,5,9,522
Hawaii,9/15/20,4,11,925
Hawaii,9/16/20,19,10,689
Hawaii,9/17/20,10,11,735
Hawaii,9/18/20,7,6,649
Hawaii,9/19/20,5,7,697
Hawaii,9/20/20,7,7,371
Hawaii,9/21/20,8,5,599
Hawaii,9/22/20,12,14,1049
Hawaii,9/23/20,6,6,511
Hawaii,9/24/20,14,15,613
Hawaii,9/25/20,3,2,519
Hawaii,9/26/20,7,7,726
Hawaii,9/27/20,0,1,301
Hawaii,9/28/20,3,3,272
Hawaii,9/29/20,25,26,960
Hawaii,9/30/20,6,7,392
Hawaii,10/1/20,16,18,751
Hawaii,10/2/20,43,40,1049
Hawaii,10/3/20,15,17,661
Hawaii,10/4/20,10,9,336
Hawaii,10/5/20,13,13,366
Hawaii,10/6/20,18,18,977
Hawaii,10/7/20,14,14,707
Hawaii,10/8/20,44,43,1136
Hawaii,10/9/20,15,17,717
Hawaii,10/10/20,24,22,762
Hawaii,10/11/20,5,5,355
Hawaii,10/12/20,21,22,425
Hawaii,10/13/20,18,20,682
Hawaii,10/14/20,13,12,562
Hawaii,10/15/20,20,21,1069
Hawaii,10/16/20,12,12,513
Hawaii,10/17/20,14,19,802
Hawaii,10/18/20,7,4,221
Hawaii,10/19/20,23,22,453
Hawaii,10/20/20,9,14,761
Hawaii,10/21/20,29,24,638
Hawaii,10/22/20,34,34,1106
Hawaii,10/23/20,16,17,899
Hawaii,10/24/20,51,51,930
Hawaii,10/25/20,9,9,330
Hawaii,10/26/20,3,3,546
Hawaii,10/27/20,5,5,827
Hawaii,10/28/20,7,9,796
Hawaii,10/29/20,14,14,1006
Hawaii,10/30/20,15,21,888
Hawaii,10/31/20,26,24,897
Hawaii,11/1/20,5,6,201
Hawaii,11/2/20,7,7,514
Hawaii,11/3/20,21,24,1429
Hawaii,11/4/20,22,25,793
Hawaii,11/5/20,21,23,1258
Hawaii,11/6/20,11,10,929
Hawaii,11/7/20,19,20,1044
Hawaii,11/8/20,4,5,133
Hawaii,11/9/20,3,1,292
Hawaii,11/10/20,23,22,786
Hawaii,11/11/20,15,15,703
Hawaii,11/12/20,8,10,902
Hawaii,11/13/20,12,12,864
Hawaii,11/14/20,8,10,778
Hawaii,11/15/20,6,6,428
Hawaii,11/16/20,2,2,280
Hawaii,11/17/20,11,12,843
Hawaii,11/18/20,13,14,641
Hawaii,11/19/20,15,14,1125
Hawaii,11/20/20,13,15,792
Hawaii,11/21/20,10,9,612
Hawaii,11/22/20,6,7,470
Hawaii,11/23/20,2,5,291
Hawaii,11/24/20,11,11,867
Hawaii,11/25/20,5,5,604
Hawaii,11/26/20,16,20,666
Hawaii,11/27/20,4,8,651
Hawaii,11/28/20,4,4,602
Hawaii,11/29/20,6,5,401
Hawaii,11/30/20,2,4,463
Hawaii,12/1/20,5,8,823
Hawaii,12/2/20,12,9,794
Hawaii,12/3/20,12,11,1202
Hawaii,12/4/20,5,4,627
Hawaii,12/5/20,7,7,653
Hawaii,12/6/20,5,5,366
Hawaii,12/7/20,12,13,454
Hawaii,12/8/20,23,20,948
Hawaii,12/9/20,3,5,761
Hawaii,12/10/20,17,17,925
Hawaii,12/11/20,10,9,616
Hawaii,12/12/20,16,22,882
Hawaii,12/13/20,10,11,502
Hawaii,12/14/20,5,7,396
Hawaii,12/15/20,15,14,981
Hawaii,12/16/20,7,7,603
Hawaii,12/17/20,21,25,1009
Hawaii,12/18/20,13,15,1005
Hawaii,12/19/20,13,18,624
Hawaii,12/20/20,6,7,501
Hawaii,12/21/20,12,15,391
Hawaii,12/22/20,13,11,822
Hawaii,12/23/20,8,7,646
Hawaii,12/24/20,4,7,826
Hawaii,12/25/20,3,4,275
Hawaii,12/26/20,2,4,307
Hawaii,12/27/20,7,8,529
Hawaii,12/28/20,2,3,339
Hawaii,12/29/20,14,11,727
Hawaii,12/30/20,13,18,497
Hawaii,12/31/20,20,20,1035
Hawaii,1/1/21,2,4,277
Hawaii,1/2/21,4,8,362
Hawaii,1/3/21,12,12,609
Hawaii,1/4/21,8,9,413
Hawaii,1/5/21,18,18,940
Hawaii,1/6/21,10,13,858
Hawaii,1/7/21,20,22,913
Hawaii,1/8/21,12,14,670
Hawaii,1/9/21,20,20,695
Hawaii,1/10/21,4,4,384
Hawaii,1/11/21,7,8,553
Hawaii,1/12/21,13,16,787
Hawaii,1/13/21,5,5,806
Hawaii,1/14/21,12,13,1035
Hawaii,1/15/21,7,11,581
Hawaii,1/16/21,9,8,566
Hawaii,1/17/21,6,6,476
Hawaii,1/18/21,4,4,439
Hawaii,1/19/21,15,15,566
Hawaii,1/20/21,5,5,985
Hawaii,1/21/21,4,5,812
Hawaii,1/22/21,6,4,552
Hawaii,1/23/21,6,7,669
Hawaii,1/24/21,1,1,383
Hawaii,1/25/21,3,3,525
Hawaii,1/26/21,6,12,680
Hawaii,1/27/21,6,3,567
Hawaii,1/28/21,9,9,885
Hawaii,1/29/21,10,10,559
Hawaii,1/30/21,7,5,642
Hawaii,1/31/21,4,6,375
Hawaii,2/1/21,4,7,402
Hawaii,2/2/21,6,6,885
Hawaii,2/3/21,1,1,745
Hawaii,2/4/21,1,1,695
Hawaii,2/5/21,7,7,564
Hawaii,2/6/21,3,4,546
Hawaii,2/7/21,3,4,390
Hawaii,2/8/21,2,2,519
Hawaii,2/9/21,3,1,640
Hawaii,2/10/21,5,7,600
Hawaii,2/11/21,2,2,675
Hawaii,2/12/21,3,3,501
Hawaii,2/13/21,0,1,547
Hawaii,2/14/21,0,2,364
Hawaii,2/15/21,1,5,571
Hawaii,2/16/21,7,2,522
Hawaii,2/17/21,2,2,997
Hawaii,2/18/21,2,2,15
Honolulu,2/15/20,0,0,1
Honolulu,2/28/20,0,0,0
Honolulu,3/2/20,0,0,1
Honolulu,3/3/20,0,0,2
Honolulu,3/5/20,1,0,0
Honolulu,3/6/20,0,1,2
Honolulu,3/7/20,0,0,2
Honolulu,3/8/20,1,1,1
Honolulu,3/9/20,0,0,1
Honolulu,3/10/20,0,0,0
Honolulu,3/11/20,0,0,4
Honolulu,3/12/20,0,0,3
Honolulu,3/13/20,0,0,24
Honolulu,3/14/20,2,2,103
Honolulu,3/15/20,2,2,58
Honolulu,3/16/20,1,1,106
Honolulu,3/17/20,3,2,111
Honolulu,3/18/20,4,5,313
Honolulu,3/19/20,16,14,351
Honolulu,3/20/20,6,5,511
Honolulu,3/21/20,8,5,290
Honolulu,3/22/20,16,11,333
Honolulu,3/23/20,12,14,335
Honolulu,3/24/20,7,6,247
Honolulu,3/25/20,15,11,373
Honolulu,3/26/20,13,10,448
Honolulu,3/27/20,23,18,577
Honolulu,3/28/20,17,17,611
Honolulu,3/29/20,25,22,482
Honolulu,3/30/20,20,17,359
Honolulu,3/31/20,27,26,958
Honolulu,4/1/20,25,22,583
Honolulu,4/2/20,28,18,554
Honolulu,4/3/20,18,12,433
Honolulu,4/4/20,9,8,233
Honolulu,4/5/20,12,14,450
Honolulu,4/6/20,16,18,601
Honolulu,4/7/20,11,18,561
Honolulu,4/8/20,7,6,415
Honolulu,4/9/20,4,4,406
Honolulu,4/10/20,5,5,470
Honolulu,4/11/20,3,3,383
Honolulu,4/12/20,1,1,293
Honolulu,4/13/20,4,2,194
Honolulu,4/14/20,9,12,219
Honolulu,4/15/20,6,6,569
Honolulu,4/16/20,4,5,309
Honolulu,4/17/20,1,1,305
Honolulu,4/18/20,3,2,346
Honolulu,4/19/20,0,0,265
Honolulu,4/20/20,0,0,347
Honolulu,4/21/20,2,6,321
Honolulu,4/22/20,2,3,367
Honolulu,4/23/20,1,1,317
Honolulu,4/24/20,2,2,302
Honolulu,4/25/20,1,2,340
Honolulu,4/26/20,0,0,176
Honolulu,4/27/20,0,3,232
Honolulu,4/28/20,3,4,538
Honolulu,4/29/20,0,0,409
Honolulu,4/30/20,1,5,406
Honolulu,5/1/20,0,0,350
Honolulu,5/2/20,1,1,208
Honolulu,5/3/20,0,0,261
Honolulu,5/4/20,3,4,525
Honolulu,5/5/20,1,1,374
Honolulu,5/6/20,2,2,422
Honolulu,5/7/20,0,1,315
Honolulu,5/8/20,1,1,350
Honolulu,5/9/20,1,1,367
Honolulu,5/10/20,2,2,212
Honolulu,5/11/20,1,2,492
Honolulu,5/12/20,3,2,516
Honolulu,5/13/20,0,0,533
Honolulu,5/14/20,0,0,407
Honolulu,5/15/20,1,1,472
Honolulu,5/16/20,0,1,419
Honolulu,5/17/20,0,0,365
Honolulu,5/18/20,0,1,579
Honolulu,5/19/20,1,0,681
Honolulu,5/20/20,0,0,528
Honolulu,5/21/20,0,0,450
Honolulu,5/22/20,0,0,448
Honolulu,5/23/20,0,0,347
Honolulu,5/24/20,0,0,351
Honolulu,5/25/20,0,0,287
Honolulu,5/26/20,0,0,483
Honolulu,5/27/20,2,2,551
Honolulu,5/28/20,3,3,682
Honolulu,5/29/20,2,2,571
Honolulu,5/30/20,0,1,393
Honolulu,5/31/20,0,0,390
Honolulu,6/1/20,1,1,626
Honolulu,6/2/20,1,1,484
Honolulu,6/3/20,1,1,656
Honolulu,6/4/20,6,4,584
Honolulu,6/5/20,8,10,595
Honolulu,6/6/20,1,1,557
Honolulu,6/7/20,1,1,435
Honolulu,6/8/20,6,6,711
Honolulu,6/9/20,4,5,1055
Honolulu,6/10/20,6,6,1136
Honolulu,6/11/20,15,4,604
Honolulu,6/12/20,17,17,923
Honolulu,6/13/20,4,15,758
Honolulu,6/14/20,8,8,511
Honolulu,6/15/20,3,4,913
Honolulu,6/16/20,4,5,785
Honolulu,6/17/20,18,18,1436
Honolulu,6/18/20,24,25,1077
Honolulu,6/19/20,4,4,833
Honolulu,6/20/20,8,7,1050
Honolulu,6/21/20,4,4,490
Honolulu,6/22/20,3,3,970
Honolulu,6/23/20,12,10,1413
Honolulu,6/24/20,12,15,1165
Honolulu,6/25/20,14,14,1196
Honolulu,6/26/20,5,4,1116
Honolulu,6/27/20,23,21,1373
Honolulu,6/28/20,2,1,671
Honolulu,6/29/20,16,15,1150
Honolulu,6/30/20,5,7,1441
Honolulu,7/1/20,17,14,1247
Honolulu,7/2/20,25,28,1386
Honolulu,7/3/20,19,18,893
Honolulu,7/4/20,25,25,806
Honolulu,7/5/20,6,9,505
Honolulu,7/6/20,38,36,1220
Honolulu,7/7/20,19,18,1364
Honolulu,7/8/20,32,31,1663
Honolulu,7/9/20,25,26,1348
Honolulu,7/10/20,37,36,1491
Honolulu,7/11/20,18,18,1377
Honolulu,7/12/20,18,23,904
Honolulu,7/13/20,19,18,1418
Honolulu,7/14/20,26,26,1935
Honolulu,7/15/20,19,20,1671
Honolulu,7/16/20,21,17,1717
Honolulu,7/17/20,18,21,1340
Honolulu,7/18/20,26,26,1333
Honolulu,7/19/20,11,11,922
Honolulu,7/20/20,21,24,1241
Honolulu,7/21/20,17,23,1365
Honolulu,7/22/20,50,43,1660
Honolulu,7/23/20,57,57,1360
Honolulu,7/24/20,67,68,1675
Honolulu,7/25/20,55,53,1305
Honolulu,7/26/20,28,45,960
Honolulu,7/27/20,46,38,851
Honolulu,7/28/20,99,97,1651
Honolulu,7/29/20,119,112,1807
Honolulu,7/30/20,119,130,1944
Honolulu,7/31/20,87,91,1896
Honolulu,8/1/20,44,113,2021
Honolulu,8/2/20,198,122,1562
Honolulu,8/3/20,139,142,1789
Honolulu,8/4/20,169,157,2590
Honolulu,8/5/20,144,169,2589
Honolulu,8/6/20,200,216,2306
Honolulu,8/7/20,221,202,2478
Honolulu,8/8/20,146,135,2080
Honolulu,8/9/20,137,140,2007
Honolulu,8/10/20,115,139,2056
Honolulu,8/11/20,195,190,2810
Honolulu,8/12/20,342,334,3647
Honolulu,8/13/20,217,225,2684
Honolulu,8/14/20,272,290,3508
Honolulu,8/15/20,200,198,2721
Honolulu,8/16/20,163,169,2350
Honolulu,8/17/20,125,138,2043
Honolulu,8/18/20,232,227,2354
Honolulu,8/19/20,228,227,2660
Honolulu,8/20/20,208,194,2684
Honolulu,8/21/20,255,294,3075
Honolulu,8/22/20,227,228,2610
Honolulu,8/23/20,150,141,1919
Honolulu,8/24/20,201,196,2374
Honolulu,8/25/20,243,258,2838
Honolulu,8/26/20,287,298,2863
Honolulu,8/27/20,231,265,3094
Honolulu,8/28/20,264,277,3729
Honolulu,8/29/20,172,167,3090
Honolulu,8/30/20,104,106,1411
Honolulu,8/31/20,156,156,4049
Honolulu,9/1/20,302,211,5922
Honolulu,9/2/20,188,183,7999
Honolulu,9/3/20,231,243,8366
Honolulu,9/4/20,190,185,9296
Honolulu,9/5/20,145,146,5648
Honolulu,9/6/20,89,85,2507
Honolulu,9/7/20,58,55,809
Honolulu,9/8/20,86,90,1895
Honolulu,9/9/20,157,155,8362
Honolulu,9/10/20,143,136,4441
Honolulu,9/11/20,112,112,6329
Honolulu,9/12/20,93,97,5142
Honolulu,9/13/20,71,69,2608
Honolulu,9/14/20,60,64,1888
Honolulu,9/15/20,94,127,4916
Honolulu,9/16/20,134,98,3435
Honolulu,9/17/20,109,101,5709
Honolulu,9/18/20,103,114,7957
Honolulu,9/19/20,71,74,2434
Honolulu,9/20/20,49,47,1166
Honolulu,9/21/20,53,53,2044
Honolulu,9/22/20,154,152,3285
Honolulu,9/23/20,81,93,2256
Honolulu,9/24/20,96,94,2209
Honolulu,9/25/20,123,123,3014
Honolulu,9/26/20,87,92,2802
Honolulu,9/27/20,89,89,1774
Honolulu,9/28/20,80,85,2663
Honolulu,9/29/20,94,98,2943
Honolulu,9/30/20,101,90,2267
Honolulu,10/1/20,69,69,2427
Honolulu,10/2/20,87,88,3189
Honolulu,10/3/20,53,56,2384
Honolulu,10/4/20,41,40,1106
Honolulu,10/5/20,67,79,2508
Honolulu,10/6/20,90,81,2258
Honolulu,10/7/20,86,88,2341
Honolulu,10/8/20,107,103,2270
Honolulu,10/9/20,58,55,1863
Honolulu,10/10/20,79,79,2307
Honolulu,10/11/20,37,34,765
Honolulu,10/12/20,30,30,1693
Honolulu,10/13/20,79,81,2809
Honolulu,10/14/20,74,74,2423
Honolulu,10/15/20,69,78,2329
Honolulu,10/16/20,81,73,2837
Honolulu,10/17/20,68,74,2222
Honolulu,10/18/20,31,27,1057
Honolulu,10/19/20,59,66,2878
Honolulu,10/20/20,64,56,2405
Honolulu,10/21/20,52,60,2763
Honolulu,10/22/20,66,66,2656
Honolulu,10/23/20,58,57,2547
Honolulu,10/24/20,49,49,2737
Honolulu,10/25/20,26,25,1549
Honolulu,10/26/20,49,53,2989
Honolulu,10/27/20,40,46,2499
Honolulu,10/28/20,60,63,3233
Honolulu,10/29/20,73,70,2445
Honolulu,10/30/20,45,68,3315
Honolulu,10/31/20,52,78,2285
Honolulu,11/1/20,64,25,1228
Honolulu,11/2/20,72,89,3241
Honolulu,11/3/20,124,110,2955
Honolulu,11/4/20,66,65,2603
Honolulu,11/5/20,86,89,2281
Honolulu,11/6/20,108,114,3807
Honolulu,11/7/20,104,103,3002
Honolulu,11/8/20,53,54,1935
Honolulu,11/9/20,64,68,2552
Honolulu,11/10/20,86,80,3224
Honolulu,11/11/20,71,85,3210
Honolulu,11/12/20,92,97,2609
Honolulu,11/13/20,88,81,2981
Honolulu,11/14/20,75,80,2425
Honolulu,11/15/20,35,37,1602
Honolulu,11/16/20,56,61,3696
Honolulu,11/17/20,77,83,2844
Honolulu,11/18/20,69,68,3672
Honolulu,11/19/20,123,132,3452
Honolulu,11/20/20,97,105,3395
Honolulu,11/21/20,80,90,3898
Honolulu,11/22/20,45,40,2297
Honolulu,11/23/20,93,103,3854
Honolulu,11/24/20,92,98,3784
Honolulu,11/25/20,69,76,3752
Honolulu,11/26/20,48,40,2450
Honolulu,11/27/20,45,50,3561
Honolulu,11/28/20,66,72,2772
Honolulu,11/29/20,31,35,2615
Honolulu,11/30/20,60,68,2797
Honolulu,12/1/20,118,132,3551
Honolulu,12/2/20,72,70,3332
Honolulu,12/3/20,83,82,3343
Honolulu,12/4/20,87,99,5062
Honolulu,12/5/20,56,51,4408
Honolulu,12/6/20,38,37,1601
Honolulu,12/7/20,45,64,3039
Honolulu,12/8/20,80,89,4270
Honolulu,12/9/20,55,51,2958
Honolulu,12/10/20,151,138,2884
Honolulu,12/11/20,58,71,3146
Honolulu,12/12/20,157,137,2635
Honolulu,12/13/20,35,36,1697
Honolulu,12/14/20,85,101,3036
Honolulu,12/15/20,111,101,3505
Honolulu,12/16/20,105,106,3205
Honolulu,12/17/20,114,131,2990
Honolulu,12/18/20,179,153,4072
Honolulu,12/19/20,103,101,2242
Honolulu,12/20/20,51,56,1951
Honolulu,12/21/20,70,82,3870
Honolulu,12/22/20,79,98,3421
Honolulu,12/23/20,95,96,2770
Honolulu,12/24/20,83,99,3101
Honolulu,12/25/20,72,68,1797
Honolulu,12/26/20,30,35,1630
Honolulu,12/27/20,56,53,1964
Honolulu,12/28/20,86,79,2801
Honolulu,12/29/20,135,158,3530
Honolulu,12/30/20,188,183,2917
Honolulu,12/31/20,86,130,3546
Honolulu,1/1/21,85,96,1482
Honolulu,1/2/21,56,82,2340
Honolulu,1/3/21,71,74,2150
Honolulu,1/4/21,83,109,3132
Honolulu,1/5/21,208,233,4296
Honolulu,1/6/21,199,194,3733
Honolulu,1/7/21,158,167,4237
Honolulu,1/8/21,126,143,4175
Honolulu,1/9/21,107,129,3301
Honolulu,1/10/21,80,62,1681
Honolulu,1/11/21,73,85,3170
Honolulu,1/12/21,122,117,3889
Honolulu,1/13/21,110,128,3756
Honolulu,1/14/21,112,108,3330
Honolulu,1/15/21,85,89,3106
Honolulu,1/16/21,82,91,2703
Honolulu,1/17/21,45,43,1705
Honolulu,1/18/21,50,68,2443
Honolulu,1/19/21,65,76,3269
Honolulu,1/20/21,98,102,3111
Honolulu,1/21/21,102,102,2693
Honolulu,1/22/21,105,102,3605
Honolulu,1/23/21,86,83,2354
Honolulu,1/24/21,61,38,1547
Honolulu,1/25/21,64,76,2990
Honolulu,1/26/21,62,79,2883
Honolulu,1/27/21,75,89,3520
Honolulu,1/28/21,81,68,2666
Honolulu,1/29/21,59,58,2917
Honolulu,1/30/21,56,54,2088
Honolulu,1/31/21,39,40,1445
Honolulu,2/1/21,40,53,2767
Honolulu,2/2/21,79,88,2971
Honolulu,2/3/21,64,69,2917
Honolulu,2/4/21,87,47,2226
Honolulu,2/5/21,48,48,2701
Honolulu,2/6/21,19,22,2013
Honolulu,2/7/21,24,26,1538
Honolulu,2/8/21,40,45,2756
Honolulu,2/9/21,62,59,3345
Honolulu,2/10/21,33,27,3224
Honolulu,2/11/21,47,30,3260
Honolulu,2/12/21,37,39,3593
Honolulu,2/13/21,25,22,1886
Honolulu,2/14/21,13,25,1421
Honolulu,2/15/21,15,20,2388
Honolulu,2/16/21,45,20,2782
Honolulu,2/17/21,23,27,2338
Honolulu,2/18/21,35,32,204
Kauai,2/15/20,0,0,0
Kauai,2/28/20,0,0,0
Kauai,3/2/20,0,0,0
Kauai,3/3/20,0,0,0
Kauai,3/6/20,0,0,0
Kauai,3/7/20,0,0,0
Kauai,3/8/20,0,0,0
Kauai,3/9/20,0,0,0
Kauai,3/10/20,0,0,0
Kauai,3/11/20,0,0,0
Kauai,3/12/20,0,0,0
Kauai,3/13/20,2,2,2
Kauai,3/14/20,0,0,1
Kauai,3/15/20,0,0,1
Kauai,3/16/20,0,0,23
Kauai,3/17/20,0,0,35
Kauai,3/18/20,0,0,8
Kauai,3/19/20,1,1,105
Kauai,3/20/20,0,0,45
Kauai,3/21/20,0,0,21
Kauai,3/22/20,1,1,58
Kauai,3/23/20,0,0,49
Kauai,3/24/20,1,1,7
Kauai,3/25/20,0,0,27
Kauai,3/26/20,0,0,31
Kauai,3/27/20,6,6,89
Kauai,3/28/20,1,1,35
Kauai,3/29/20,0,0,23
Kauai,3/30/20,0,0,8
Kauai,3/31/20,0,0,46
Kauai,4/1/20,1,1,74
Kauai,4/2/20,2,2,49
Kauai,4/3/20,0,0,44
Kauai,4/4/20,1,1,27
Kauai,4/5/20,1,1,24
Kauai,4/6/20,1,1,24
Kauai,4/7/20,1,1,38
Kauai,4/8/20,0,0,10
Kauai,4/9/20,0,0,23
Kauai,4/10/20,0,0,37
Kauai,4/11/20,2,2,34
Kauai,4/12/20,0,0,18
Kauai,4/13/20,0,0,17
Kauai,4/14/20,0,0,21
Kauai,4/15/20,0,0,19
Kauai,4/16/20,0,0,9
Kauai,4/17/20,0,0,21
Kauai,4/18/20,0,0,28
Kauai,4/19/20,0,0,26
Kauai,4/20/20,0,0,10
Kauai,4/21/20,0,0,17
Kauai,4/22/20,0,0,19
Kauai,4/23/20,0,0,24
Kauai,4/24/20,0,0,13
Kauai,4/25/20,0,0,21
Kauai,4/26/20,0,0,18
Kauai,4/27/20,0,0,4
Kauai,4/28/20,0,0,33
Kauai,4/29/20,0,0,19
Kauai,4/30/20,0,0,21
Kauai,5/1/20,0,0,27
Kauai,5/2/20,0,0,23
Kauai,5/3/20,0,0,25
Kauai,5/4/20,0,0,38
Kauai,5/5/20,0,0,29
Kauai,5/6/20,0,0,20
Kauai,5/7/20,0,0,27
Kauai,5/8/20,0,0,28
Kauai,5/9/20,0,0,35
Kauai,5/10/20,0,0,14
Kauai,5/11/20,0,0,16
Kauai,5/12/20,0,0,34
Kauai,5/13/20,0,0,28
Kauai,5/14/20,0,0,35
Kauai,5/15/20,0,0,15
Kauai,5/16/20,0,0,35
Kauai,5/17/20,0,0,3
Kauai,5/18/20,0,0,39
Kauai,5/19/20,0,0,44
Kauai,5/20/20,0,0,46
Kauai,5/21/20,0,0,25
Kauai,5/22/20,0,0,16
Kauai,5/23/20,0,0,32
Kauai,5/24/20,0,0,6
Kauai,5/25/20,0,0,46
Kauai,5/26/20,0,0,37
Kauai,5/27/20,0,0,44
Kauai,5/28/20,0,0,29
Kauai,5/29/20,0,0,18
Kauai,5/30/20,0,0,52
Kauai,5/31/20,0,0,33
Kauai,6/1/20,0,0,2
Kauai,6/2/20,0,0,51
Kauai,6/3/20,0,0,40
Kauai,6/4/20,0,0,34
Kauai,6/5/20,0,0,37
Kauai,6/6/20,0,0,37
Kauai,6/7/20,0,0,27
Kauai,6/8/20,0,0,30
Kauai,6/9/20,0,0,33
Kauai,6/10/20,0,0,33
Kauai,6/11/20,0,0,37
Kauai,6/12/20,0,0,7
Kauai,6/13/20,0,0,59
Kauai,6/14/20,0,0,21
Kauai,6/15/20,0,0,44
Kauai,6/16/20,0,0,59
Kauai,6/17/20,0,0,42
Kauai,6/18/20,1,1,34
Kauai,6/19/20,7,7,35
Kauai,6/20/20,0,0,73
Kauai,6/21/20,0,0,27
Kauai,6/22/20,0,0,134
Kauai,6/23/20,0,0,110
Kauai,6/24/20,3,3,105
Kauai,6/25/20,2,2,75
Kauai,6/26/20,1,1,34
Kauai,6/27/20,2,2,107
Kauai,6/28/20,0,0,55
Kauai,6/29/20,1,1,42
Kauai,6/30/20,0,0,98
Kauai,7/1/20,0,0,63
Kauai,7/2/20,0,0,78
Kauai,7/3/20,2,2,77
Kauai,7/4/20,0,0,74
Kauai,7/5/20,0,0,53
Kauai,7/6/20,2,2,41
Kauai,7/7/20,0,0,101
Kauai,7/8/20,1,1,104
Kauai,7/9/20,0,0,84
Kauai,7/10/20,0,0,63
Kauai,7/11/20,0,0,104
Kauai,7/12/20,0,0,85
Kauai,7/13/20,0,0,8
Kauai,7/14/20,0,1,114
Kauai,7/15/20,0,0,93
Kauai,7/16/20,0,0,58
Kauai,7/17/20,0,0,52
Kauai,7/18/20,0,0,84
Kauai,7/19/20,0,0,71
Kauai,7/20/20,0,0,4
Kauai,7/21/20,0,0,102
Kauai,7/22/20,0,0,98
Kauai,7/23/20,0,0,37
Kauai,7/24/20,0,0,70
Kauai,7/25/20,2,2,99
Kauai,7/26/20,0,0,58
Kauai,7/27/20,0,0,2
Kauai,7/28/20,2,2,143
Kauai,7/29/20,0,0,69
Kauai,7/30/20,0,0,88
Kauai,7/31/20,0,2,52
Kauai,8/1/20,0,0,92
Kauai,8/2/20,0,0,53
Kauai,8/3/20,0,0,70
Kauai,8/4/20,0,0,99
Kauai,8/5/20,0,0,79
Kauai,8/6/20,0,0,69
Kauai,8/7/20,0,0,60
Kauai,8/8/20,1,1,68
Kauai,8/9/20,1,0,71
Kauai,8/10/20,0,1,74
Kauai,8/11/20,2,1,94
Kauai,8/12/20,1,1,87
Kauai,8/13/20,1,2,63
Kauai,8/14/20,1,1,68
Kauai,8/15/20,0,0,77
Kauai,8/16/20,0,0,45
Kauai,8/17/20,0,0,35
Kauai,8/18/20,0,0,108
Kauai,8/19/20,0,0,30
Kauai,8/20/20,2,2,64
Kauai,8/21/20,0,1,55
Kauai,8/22/20,0,0,92
Kauai,8/23/20,0,1,57
Kauai,8/24/20,0,1,73
Kauai,8/25/20,0,0,101
Kauai,8/26/20,0,1,60
Kauai,8/27/20,0,1,48
Kauai,8/28/20,0,1,73
Kauai,8/29/20,0,0,77
Kauai,8/30/20,0,0,38
Kauai,8/31/20,0,0,68
Kauai,9/1/20,0,0,117
Kauai,9/2/20,0,0,51
Kauai,9/3/20,0,0,61
Kauai,9/4/20,1,1,80
Kauai,9/5/20,0,0,94
Kauai,9/6/20,0,0,82
Kauai,9/7/20,0,0,0
Kauai,9/8/20,0,0,62
Kauai,9/9/20,0,1,113
Kauai,9/10/20,0,0,69
Kauai,9/11/20,0,0,44
Kauai,9/12/20,0,0,111
Kauai,9/13/20,0,0,39
Kauai,9/14/20,0,0,32
Kauai,9/15/20,0,0,108
Kauai,9/16/20,0,0,38
Kauai,9/17/20,0,0,64
Kauai,9/18/20,0,0,74
Kauai,9/19/20,0,0,74
Kauai,9/20/20,0,0,88
Kauai,9/21/20,0,0,5
Kauai,9/22/20,0,0,99
Kauai,9/23/20,0,0,75
Kauai,9/24/20,1,1,47
Kauai,9/25/20,1,1,80
Kauai,9/26/20,0,0,109
Kauai,9/27/20,0,0,34
Kauai,9/28/20,0,0,61
Kauai,9/29/20,0,0,57
Kauai,9/30/20,0,0,46
Kauai,10/1/20,0,0,31
Kauai,10/2/20,0,0,97
Kauai,10/3/20,0,0,76
Kauai,10/4/20,0,0,76
Kauai,10/5/20,0,0,17
Kauai,10/6/20,0,0,106
Kauai,10/7/20,0,0,50
Kauai,10/8/20,0,0,46
Kauai,10/9/20,0,0,67
Kauai,10/10/20,0,0,55
Kauai,10/11/20,0,0,82
Kauai,10/12/20,0,0,5
Kauai,10/13/20,0,0,89
Kauai,10/14/20,0,0,74
Kauai,10/15/20,0,0,82
Kauai,10/16/20,1,1,112
Kauai,10/17/20,0,1,135
Kauai,10/18/20,0,0,131
Kauai,10/19/20,0,0,113
Kauai,10/20/20,0,0,201
Kauai,10/21/20,0,0,109
Kauai,10/22/20,0,1,106
Kauai,10/23/20,0,0,138
Kauai,10/24/20,1,1,123
Kauai,10/25/20,0,0,161
Kauai,10/26/20,0,0,80
Kauai,10/27/20,1,1,160
Kauai,10/28/20,1,1,103
Kauai,10/29/20,1,1,125
Kauai,10/30/20,0,0,170
Kauai,10/31/20,1,2,152
Kauai,11/1/20,1,2,155
Kauai,11/2/20,1,1,75
Kauai,11/3/20,0,0,192
Kauai,11/4/20,1,4,162
Kauai,11/5/20,1,2,155
Kauai,11/6/20,2,2,160
Kauai,11/7/20,0,0,168
Kauai,11/8/20,0,2,150
Kauai,11/9/20,0,0,102
Kauai,11/10/20,3,2,223
Kauai,11/11/20,1,1,143
Kauai,11/12/20,2,3,284
Kauai,11/13/20,3,2,215
Kauai,11/14/20,2,2,138
Kauai,11/15/20,0,1,219
Kauai,11/16/20,0,0,59
Kauai,11/17/20,4,4,271
Kauai,11/18/20,1,2,177
Kauai,11/19/20,4,5,408
Kauai,11/20/20,6,7,364
Kauai,11/21/20,3,3,234
Kauai,11/22/20,1,1,147
Kauai,11/23/20,1,1,74
Kauai,11/24/20,3,3,202
Kauai,11/25/20,5,5,167
Kauai,11/26/20,1,1,168
Kauai,11/27/20,1,0,575
Kauai,11/28/20,1,2,224
Kauai,11/29/20,0,0,225
Kauai,11/30/20,1,0,100
Kauai,12/1/20,3,5,253
Kauai,12/2/20,3,2,112
Kauai,12/3/20,0,2,621
Kauai,12/4/20,0,1,163
Kauai,12/5/20,1,1,107
Kauai,12/6/20,0,0,111
Kauai,12/7/20,1,0,56
Kauai,12/8/20,2,3,138
Kauai,12/9/20,2,2,81
Kauai,12/10/20,5,6,121
Kauai,12/11/20,4,3,146
Kauai,12/12/20,0,2,498
Kauai,12/13/20,0,2,99
Kauai,12/14/20,0,1,87
Kauai,12/15/20,0,2,189
Kauai,12/16/20,1,1,174
Kauai,12/17/20,1,1,391
Kauai,12/18/20,0,0,96
Kauai,12/19/20,1,1,69
Kauai,12/20/20,0,1,84
Kauai,12/21/20,0,0,56
Kauai,12/22/20,1,1,102
Kauai,12/23/20,0,0,85
Kauai,12/24/20,3,3,436
Kauai,12/25/20,1,1,77
Kauai,12/26/20,1,1,43
Kauai,12/27/20,0,1,96
Kauai,12/28/20,1,1,46
Kauai,12/29/20,0,2,466
Kauai,12/30/20,1,0,83
Kauai,12/31/20,2,3,87
Kauai,1/1/21,1,3,109
Kauai,1/2/21,0,0,47
Kauai,1/3/21,0,1,126
Kauai,1/4/21,3,1,64
Kauai,1/5/21,1,3,223
Kauai,1/6/21,3,3,123
Kauai,1/7/21,0,2,154
Kauai,1/8/21,9,9,182
Kauai,1/9/21,1,2,214
Kauai,1/10/21,0,1,99
Kauai,1/11/21,2,2,77
Kauai,1/12/21,1,0,205
Kauai,1/13/21,1,2,158
Kauai,1/14/21,1,1,150
Kauai,1/15/21,1,1,127
Kauai,1/16/21,2,2,196
Kauai,1/17/21,0,0,108
Kauai,1/18/21,1,1,115
Kauai,1/19/21,0,1,144
Kauai,1/20/21,1,2,123
Kauai,1/21/21,0,2,144
Kauai,1/22/21,0,3,123
Kauai,1/23/21,0,0,166
Kauai,1/24/21,0,0,102
Kauai,1/25/21,0,2,111
Kauai,1/26/21,0,2,152
Kauai,1/27/21,0,0,119
Kauai,1/28/21,1,2,149
Kauai,1/29/21,0,0,121
Kauai,1/30/21,1,1,157
Kauai,1/31/21,0,0,88
Kauai,2/1/21,0,0,153
Kauai,2/2/21,0,0,124
Kauai,2/3/21,0,0,127
Kauai,2/4/21,1,1,108
Kauai,2/5/21,0,0,155
Kauai,2/6/21,0,0,162
Kauai,2/7/21,0,0,97
Kauai,2/8/21,0,0,159
Kauai,2/9/21,0,1,153
Kauai,2/10/21,0,0,142
Kauai,2/11/21,0,0,134
Kauai,2/12/21,0,0,125
Kauai,2/13/21,0,0,155
Kauai,2/14/21,0,0,93
Kauai,2/15/21,0,0,159
Kauai,2/16/21,1,0,153
Kauai,2/17/21,0,0,123
Kauai,2/18/21,0,0,5
Maui,2/15/20,0,0,0
Maui,2/28/20,0,0,0
Maui,3/2/20,0,0,0
Maui,3/3/20,0,0,1
Maui,3/6/20,0,0,0
Maui,3/7/20,0,0,0
Maui,3/8/20,0,0,0
Maui,3/9/20,0,0,0
Maui,3/10/20,0,0,0
Maui,3/11/20,0,0,0
Maui,3/12/20,0,0,1
Maui,3/13/20,0,0,1
Maui,3/14/20,1,1,13
Maui,3/15/20,1,1,29
Maui,3/16/20,0,0,7
Maui,3/17/20,1,1,26
Maui,3/18/20,2,2,60
Maui,3/19/20,0,0,92
Maui,3/20/20,2,2,89
Maui,3/21/20,2,2,65
Maui,3/22/20,2,1,45
Maui,3/23/20,1,1,32
Maui,3/24/20,1,1,46
Maui,3/25/20,1,1,71
Maui,3/26/20,2,2,77
Maui,3/27/20,1,0,127
Maui,3/28/20,6,6,142
Maui,3/29/20,5,4,60
Maui,3/30/20,2,0,16
Maui,3/31/20,1,1,27
Maui,4/1/20,2,2,86
Maui,4/2/20,7,5,160
Maui,4/3/20,2,3,92
Maui,4/4/20,5,4,118
Maui,4/5/20,4,2,45
Maui,4/6/20,4,5,73
Maui,4/7/20,6,7,51
Maui,4/8/20,2,3,47
Maui,4/9/20,6,5,84
Maui,4/10/20,12,12,213
Maui,4/11/20,4,4,279
Maui,4/12/20,2,2,306
Maui,4/13/20,1,1,162
Maui,4/14/20,2,3,556
Maui,4/15/20,5,4,548
Maui,4/16/20,2,1,307
Maui,4/17/20,3,3,228
Maui,4/18/20,3,3,373
Maui,4/19/20,2,2,226
Maui,4/20/20,2,2,93
Maui,4/21/20,1,1,295
Maui,4/22/20,2,2,296
Maui,4/23/20,1,1,115
Maui,4/24/20,0,2,115
Maui,4/25/20,0,0,103
Maui,4/26/20,1,1,25
Maui,4/27/20,1,1,35
Maui,4/28/20,1,1,541
Maui,4/29/20,1,1,191
Maui,4/30/20,0,0,169
Maui,5/1/20,0,0,78
Maui,5/2/20,1,1,123
Maui,5/3/20,0,0,86
Maui,5/4/20,0,0,186
Maui,5/5/20,0,1,60
Maui,5/6/20,0,0,137
Maui,5/7/20,0,0,102
Maui,5/8/20,1,2,59
Maui,5/9/20,0,0,71
Maui,5/10/20,0,0,19
Maui,5/11/20,0,0,40
Maui,5/12/20,0,0,65
Maui,5/13/20,0,0,49
Maui,5/14/20,0,0,94
Maui,5/15/20,0,0,64
Maui,5/16/20,0,0,77
Maui,5/17/20,0,0,50
Maui,5/18/20,0,0,78
Maui,5/19/20,0,0,74
Maui,5/20/20,1,1,136
Maui,5/21/20,0,0,63
Maui,5/22/20,1,0,148
Maui,5/23/20,0,0,101
Maui,5/24/20,0,0,30
Maui,5/25/20,0,0,35
Maui,5/26/20,0,1,40
Maui,5/27/20,0,0,151
Maui,5/28/20,0,0,93
Maui,5/29/20,1,1,74
Maui,5/30/20,0,0,112
Maui,5/31/20,0,0,60
Maui,6/1/20,0,0,44
Maui,6/2/20,0,0,140
Maui,6/3/20,0,0,100
Maui,6/4/20,0,0,101
Maui,6/5/20,0,0,89
Maui,6/6/20,0,0,107
Maui,6/7/20,0,0,65
Maui,6/8/20,0,0,109
Maui,6/9/20,0,0,122
Maui,6/10/20,0,0,116
Maui,6/11/20,0,0,78
Maui,6/12/20,0,0,66
Maui,6/13/20,0,0,101
Maui,6/14/20,0,0,65
Maui,6/15/20,0,0,126
Maui,6/16/20,0,0,145
Maui,6/17/20,0,0,133
Maui,6/18/20,1,1,93
Maui,6/19/20,1,1,81
Maui,6/20/20,0,0,121
Maui,6/21/20,0,0,93
Maui,6/22/20,0,1,77
Maui,6/23/20,0,0,180
Maui,6/24/20,0,0,176
Maui,6/25/20,0,0,157
Maui,6/26/20,0,0,108
Maui,6/27/20,0,0,160
Maui,6/28/20,0,0,65
Maui,6/29/20,1,1,171
Maui,6/30/20,2,2,166
Maui,7/1/20,0,0,134
Maui,7/2/20,2,2,107
Maui,7/3/20,1,1,117
Maui,7/4/20,0,0,118
Maui,7/5/20,0,0,47
Maui,7/6/20,0,0,152
Maui,7/7/20,2,2,194
Maui,7/8/20,0,0,199
Maui,7/9/20,1,1,155
Maui,7/10/20,2,2,112
Maui,7/11/20,1,1,165
Maui,7/12/20,1,1,80
Maui,7/13/20,0,0,133
Maui,7/14/20,0,0,223
Maui,7/15/20,0,0,232
Maui,7/16/20,0,0,161
Maui,7/17/20,0,0,146
Maui,7/18/20,0,0,130
Maui,7/19/20,0,1,89
Maui,7/20/20,3,1,131
Maui,7/21/20,0,1,318
Maui,7/22/20,2,2,225
Maui,7/23/20,1,1,194
Maui,7/24/20,4,3,138
Maui,7/25/20,7,7,268
Maui,7/26/20,0,1,98
Maui,7/27/20,1,1,85
Maui,7/28/20,9,9,478
Maui,7/29/20,4,4,329
Maui,7/30/20,3,2,405
Maui,7/31/20,0,1,170
Maui,8/1/20,1,2,342
Maui,8/2/20,6,3,89
Maui,8/3/20,0,3,218
Maui,8/4/20,0,0,262
Maui,8/5/20,2,3,303
Maui,8/6/20,1,2,156
Maui,8/7/20,3,9,242
Maui,8/8/20,1,5,187
Maui,8/9/20,1,7,209
Maui,8/10/20,4,0,162
Maui,8/11/20,1,3,223
Maui,8/12/20,6,4,315
Maui,8/13/20,9,8,264
Maui,8/14/20,7,7,220
Maui,8/15/20,14,13,411
Maui,8/16/20,8,9,579
Maui,8/17/20,6,7,241
Maui,8/18/20,21,17,558
Maui,8/19/20,2,4,328
Maui,8/20/20,6,7,394
Maui,8/21/20,9,11,474
Maui,8/22/20,12,10,563
Maui,8/23/20,9,10,435
Maui,8/24/20,3,2,318
Maui,8/25/20,8,7,311
Maui,8/26/20,7,6,328
Maui,8/27/20,7,8,521
Maui,8/28/20,7,6,382
Maui,8/29/20,4,5,291
Maui,8/30/20,1,1,182
Maui,8/31/20,5,5,221
Maui,9/1/20,2,2,461
Maui,9/2/20,3,3,401
Maui,9/3/20,1,1,367
Maui,9/4/20,4,4,621
Maui,9/5/20,3,3,275
Maui,9/6/20,4,4,247
Maui,9/7/20,2,1,149
Maui,9/8/20,1,1,239
Maui,9/9/20,3,5,410
Maui,9/10/20,4,3,230
Maui,9/11/20,7,7,247
Maui,9/12/20,2,3,303
Maui,9/13/20,2,2,307
Maui,9/14/20,0,1,267
Maui,9/15/20,0,0,391
Maui,9/16/20,3,2,228
Maui,9/17/20,0,0,187
Maui,9/18/20,2,1,376
Maui,9/19/20,1,1,244
Maui,9/20/20,0,0,169
Maui,9/21/20,0,0,203
Maui,9/22/20,1,2,308
Maui,9/23/20,2,2,263
Maui,9/24/20,0,0,185
Maui,9/25/20,0,0,212
Maui,9/26/20,0,0,234
Maui,9/27/20,0,0,160
Maui,9/28/20,2,1,211
Maui,9/29/20,1,1,269
Maui,9/30/20,0,0,239
Maui,10/1/20,0,0,176
Maui,10/2/20,3,2,168
Maui,10/3/20,1,2,250
Maui,10/4/20,0,0,141
Maui,10/5/20,1,0,206
Maui,10/6/20,1,1,396
Maui,10/7/20,1,1,290
Maui,10/8/20,0,0,217
Maui,10/9/20,0,0,224
Maui,10/10/20,0,0,258
Maui,10/11/20,0,0,149
Maui,10/12/20,11,0,207
Maui,10/13/20,1,2,305
Maui,10/14/20,1,0,313
Maui,10/15/20,0,0,258
Maui,10/16/20,0,1,318
Maui,10/17/20,0,0,363
Maui,10/18/20,0,1,192
Maui,10/19/20,2,3,402
Maui,10/20/20,4,4,472
Maui,10/21/20,18,18,403
Maui,10/22/20,28,28,505
Maui,10/23/20,15,14,444
Maui,10/24/20,18,18,646
Maui,10/25/20,0,0,866
Maui,10/26/20,11,11,665
Maui,10/27/20,9,10,677
Maui,10/28/20,2,2,569
Maui,10/29/20,5,5,362
Maui,10/30/20,1,5,477
Maui,10/31/20,0,2,400
Maui,11/1/20,3,3,696
Maui,11/2/20,3,4,425
Maui,11/3/20,5,6,573
Maui,11/4/20,1,4,620
Maui,11/5/20,7,7,416
Maui,11/6/20,2,5,459
Maui,11/7/20,2,3,383
Maui,11/8/20,0,0,295
Maui,11/9/20,5,7,372
Maui,11/10/20,6,5,492
Maui,11/11/20,6,6,491
Maui,11/12/20,1,2,501
Maui,11/13/20,1,4,470
Maui,11/14/20,7,6,443
Maui,11/15/20,2,2,359
Maui,11/16/20,2,3,336
Maui,11/17/20,9,7,654
Maui,11/18/20,5,6,430
Maui,11/19/20,10,10,517
Maui,11/20/20,4,4,461
Maui,11/21/20,11,10,464
Maui,11/22/20,4,6,397
Maui,11/23/20,4,4,414
Maui,11/24/20,14,9,581
Maui,11/25/20,4,4,535
Maui,11/26/20,9,10,427
Maui,11/27/20,3,2,508
Maui,11/28/20,10,8,642
Maui,11/29/20,4,6,418
Maui,11/30/20,4,4,607
Maui,12/1/20,13,14,787
Maui,12/2/20,15,8,680
Maui,12/3/20,17,14,784
Maui,12/4/20,6,7,680
Maui,12/5/20,11,9,912
Maui,12/6/20,9,10,435
Maui,12/7/20,15,12,602
Maui,12/8/20,10,13,968
Maui,12/9/20,19,13,589
Maui,12/10/20,20,14,695
Maui,12/11/20,8,10,906
Maui,12/12/20,15,11,483
Maui,12/13/20,8,8,444
Maui,12/14/20,13,8,420
Maui,12/15/20,8,10,851
Maui,12/16/20,11,12,780
Maui,12/17/20,13,6,547
Maui,12/18/20,11,6,556
Maui,12/19/20,14,8,468
Maui,12/20/20,6,8,433
Maui,12/21/20,16,10,427
Maui,12/22/20,33,17,607
Maui,12/23/20,17,8,325
Maui,12/24/20,20,20,424
Maui,12/25/20,18,15,335
Maui,12/26/20,13,6,386
Maui,12/27/20,8,3,356
Maui,12/28/20,17,10,445
Maui,12/29/20,27,17,631
Maui,12/30/20,26,26,610
Maui,12/31/20,45,16,720
Maui,1/1/21,29,23,508
Maui,1/2/21,9,14,527
Maui,1/3/21,21,23,511
Maui,1/4/21,30,15,594
Maui,1/5/21,56,36,894
Maui,1/6/21,24,17,592
Maui,1/7/21,50,28,660
Maui,1/8/21,29,21,833
Maui,1/9/21,33,17,692
Maui,1/10/21,21,9,342
Maui,1/11/21,11,7,485
Maui,1/12/21,32,20,700
Maui,1/13/21,25,23,644
Maui,1/14/21,29,33,771
Maui,1/15/21,29,49,669
Maui,1/16/21,21,16,713
Maui,1/17/21,9,8,357
Maui,1/18/21,14,13,483
Maui,1/19/21,30,23,516
Maui,1/20/21,19,15,556
Maui,1/21/21,21,26,674
Maui,1/22/21,34,30,527
Maui,1/23/21,20,19,618
Maui,1/24/21,8,10,292
Maui,1/25/21,27,28,511
Maui,1/26/21,23,43,733
Maui,1/27/21,23,14,526
Maui,1/28/21,17,18,610
Maui,1/29/21,9,14,522
Maui,1/30/21,19,9,500
Maui,1/31/21,17,6,415
Maui,2/1/21,22,13,443
Maui,2/2/21,15,11,532
Maui,2/3/21,27,11,488
Maui,2/4/21,14,20,556
Maui,2/5/21,14,10,570
Maui,2/6/21,8,4,478
Maui,2/7/21,7,2,346
Maui,2/8/21,9,1,458
Maui,2/9/21,21,19,577
Maui,2/10/21,24,20,533
Maui,2/11/21,11,8,518
Maui,2/12/21,4,5,541
Maui,2/13/21,7,3,433
Maui,2/14/21,3,3,409
Maui,2/15/21,9,8,471
Maui,2/16/21,9,3,519
Maui,2/17/21,21,11,411
Maui,2/18/21,12,36,55
Missing,2/15/20,0,0,0
Missing,2/28/20,0,0,2
Missing,3/2/20,0,0,0
Missing,3/3/20,0,0,0
Missing,3/6/20,0,0,0
Missing,3/7/20,0,0,0
Missing,3/8/20,0,0,0
Missing,3/9/20,0,0,2
Missing,3/10/20,0,0,1
Missing,3/11/20,0,0,1
Missing,3/12/20,0,0,0
Missing,3/13/20,0,0,1
Missing,3/14/20,0,0,7
Missing,3/15/20,0,0,10
Missing,3/16/20,0,0,17
Missing,3/17/20,0,0,32
Missing,3/18/20,0,0,36
Missing,3/19/20,0,0,51
Missing,3/20/20,0,0,44
Missing,3/21/20,0,0,43
Missing,3/22/20,0,0,40
Missing,3/23/20,0,0,44
Missing,3/24/20,0,0,19
Missing,3/25/20,0,0,24
Missing,3/26/20,0,0,55
Missing,3/27/20,0,0,84
Missing,3/28/20,0,0,165
Missing,3/29/20,0,0,71
Missing,3/30/20,0,0,79
Missing,3/31/20,0,0,97
Missing,4/1/20,0,0,42
Missing,4/2/20,0,0,80
Missing,4/3/20,0,0,35
Missing,4/4/20,0,0,32
Missing,4/5/20,0,0,45
Missing,4/6/20,0,0,78
Missing,4/7/20,0,0,60
Missing,4/8/20,0,0,60
Missing,4/9/20,0,0,55
Missing,4/10/20,0,0,113
Missing,4/11/20,0,0,60
Missing,4/12/20,0,0,20
Missing,4/13/20,0,0,25
Missing,4/14/20,0,0,75
Missing,4/15/20,0,0,129
Missing,4/16/20,0,0,34
Missing,4/17/20,0,0,89
Missing,4/18/20,0,0,76
Missing,4/19/20,0,0,47
Missing,4/20/20,0,0,47
Missing,4/21/20,0,0,46
Missing,4/22/20,0,0,86
Missing,4/23/20,0,0,66
Missing,4/24/20,0,0,44
Missing,4/25/20,0,0,44
Missing,4/26/20,0,0,14
Missing,4/27/20,0,0,11
Missing,4/28/20,0,0,36
Missing,4/29/20,0,0,48
Missing,4/30/20,0,0,35
Missing,5/1/20,0,0,34
Missing,5/2/20,0,0,34
Missing,5/3/20,0,0,31
Missing,5/4/20,0,0,36
Missing,5/5/20,0,0,24
Missing,5/6/20,0,0,50
Missing,5/7/20,0,0,30
Missing,5/8/20,0,0,31
Missing,5/9/20,0,0,35
Missing,5/10/20,0,0,12
Missing,5/11/20,0,0,17
Missing,5/12/20,0,0,43
Missing,5/13/20,0,0,65
Missing,5/14/20,0,0,32
Missing,5/15/20,0,0,36
Missing,5/16/20,0,0,36
Missing,5/17/20,0,0,12
Missing,5/18/20,0,0,36
Missing,5/19/20,0,0,38
Missing,5/20/20,0,0,16
Missing,5/21/20,0,0,22
Missing,5/22/20,0,0,47
Missing,5/23/20,0,0,63
Missing,5/24/20,0,0,19
Missing,5/25/20,0,0,12
Missing,5/26/20,0,0,11
Missing,5/27/20,0,0,45
Missing,5/28/20,0,0,32
Missing,5/29/20,0,0,42
Missing,5/30/20,0,0,30
Missing,5/31/20,0,0,21
Missing,6/1/20,0,0,25
Missing,6/2/20,0,0,45
Missing,6/3/20,0,0,99
Missing,6/4/20,0,0,39
Missing,6/5/20,0,0,40
Missing,6/6/20,0,0,37
Missing,6/7/20,0,0,32
Missing,6/8/20,0,0,23
Missing,6/9/20,0,0,47
Missing,6/10/20,0,0,56
Missing,6/11/20,0,0,44
Missing,6/12/20,0,0,84
Missing,6/13/20,0,0,52
Missing,6/14/20,0,0,32
Missing,6/15/20,0,0,43
Missing,6/16/20,0,0,62
Missing,6/17/20,0,0,90
Missing,6/18/20,0,0,58
Missing,6/19/20,0,0,74
Missing,6/20/20,0,0,65
Missing,6/21/20,0,0,21
Missing,6/22/20,0,0,38
Missing,6/23/20,0,0,92
Missing,6/24/20,0,0,32
Missing,6/25/20,0,0,61
Missing,6/26/20,0,0,61
Missing,6/27/20,0,0,82
Missing,6/28/20,0,0,26
Missing,6/29/20,0,0,48
Missing,6/30/20,0,0,60
Missing,7/1/20,0,0,79
Missing,7/2/20,0,0,203
Missing,7/3/20,0,0,91
Missing,7/4/20,0,0,56
Missing,7/5/20,0,0,19
Missing,7/6/20,0,0,67
Missing,7/7/20,0,0,109
Missing,7/8/20,0,0,100
Missing,7/9/20,0,0,135
Missing,7/10/20,0,0,89
Missing,7/11/20,0,0,76
Missing,7/12/20,0,0,60
Missing,7/13/20,0,0,118
Missing,7/14/20,0,0,170
Missing,7/15/20,0,0,164
Missing,7/16/20,0,0,137
Missing,7/17/20,0,0,154
Missing,7/18/20,0,0,75
Missing,7/19/20,0,0,30
Missing,7/20/20,0,0,162
Missing,7/21/20,0,0,155
Missing,7/22/20,0,0,194
Missing,7/23/20,0,0,104
Missing,7/24/20,0,0,138
Missing,7/25/20,0,0,145
Missing,7/26/20,0,0,60
Missing,7/27/20,0,0,38
Missing,7/28/20,0,0,158
Missing,7/29/20,0,0,138
Missing,7/30/20,0,0,130
Missing,7/31/20,0,0,198
Missing,8/1/20,0,0,162
Missing,8/2/20,0,0,53
Missing,8/3/20,0,0,82
Missing,8/4/20,0,0,182
Missing,8/5/20,0,0,239
Missing,8/6/20,0,0,171
Missing,8/7/20,0,0,212
Missing,8/8/20,0,0,173
Missing,8/9/20,0,0,64
Missing,8/10/20,0,0,101
Missing,8/11/20,0,0,226
Missing,8/12/20,0,0,206
Missing,8/13/20,0,0,156
Missing,8/14/20,0,0,295
Missing,8/15/20,0,0,307
Missing,8/16/20,0,0,186
Missing,8/17/20,0,1,282
Missing,8/18/20,0,1,365
Missing,8/19/20,0,0,314
Missing,8/20/20,0,0,298
Missing,8/21/20,0,0,408
Missing,8/22/20,0,0,194
Missing,8/23/20,0,0,218
Missing,8/24/20,0,0,95
Missing,8/25/20,0,0,250
Missing,8/26/20,0,0,201
Missing,8/27/20,0,1,340
Missing,8/28/20,0,2,433
Missing,8/29/20,0,2,458
Missing,8/30/20,0,1,133
Missing,8/31/20,0,0,106
Missing,9/1/20,0,0,216
Missing,9/2/20,0,0,305
Missing,9/3/20,0,1,462
Missing,9/4/20,0,5,391
Missing,9/5/20,0,8,205
Missing,9/6/20,0,2,106
Missing,9/7/20,0,3,98
Missing,9/8/20,0,0,166
Missing,9/9/20,0,0,148
Missing,9/10/20,0,0,343
Missing,9/11/20,0,0,210
Missing,9/12/20,0,0,162
Missing,9/13/20,0,0,129
Missing,9/14/20,0,0,145
Missing,9/15/20,0,0,132
Missing,9/16/20,0,1,220
Missing,9/17/20,0,0,283
Missing,9/18/20,0,0,196
Missing,9/19/20,0,0,213
Missing,9/20/20,0,0,72
Missing,9/21/20,0,0,272
Missing,9/22/20,0,0,365
Missing,9/23/20,0,0,249
Missing,9/24/20,0,0,222
Missing,9/25/20,0,0,438
Missing,9/26/20,0,0,415
Missing,9/27/20,0,0,162
Missing,9/28/20,0,0,221
Missing,9/29/20,0,0,363
Missing,9/30/20,0,0,290
Missing,10/1/20,0,0,294
Missing,10/2/20,0,0,487
Missing,10/3/20,0,0,197
Missing,10/4/20,0,0,93
Missing,10/5/20,0,1,257
Missing,10/6/20,0,0,323
Missing,10/7/20,0,0,292
Missing,10/8/20,0,0,205
Missing,10/9/20,0,0,462
Missing,10/10/20,0,0,230
Missing,10/11/20,0,0,82
Missing,10/12/20,0,0,132
Missing,10/13/20,0,0,155
Missing,10/14/20,0,0,228
Missing,10/15/20,0,0,104
Missing,10/16/20,0,0,241
Missing,10/17/20,0,0,178
Missing,10/18/20,0,0,56
Missing,10/19/20,0,4,158
Missing,10/20/20,0,1,339
Missing,10/21/20,0,0,422
Missing,10/22/20,0,0,216
Missing,10/23/20,0,0,311
Missing,10/24/20,0,0,192
Missing,10/25/20,0,0,156
Missing,10/26/20,0,0,166
Missing,10/27/20,0,0,212
Missing,10/28/20,0,0,209
Missing,10/29/20,0,0,237
Missing,10/30/20,0,0,254
Missing,10/31/20,0,0,330
Missing,11/1/20,0,0,82
Missing,11/2/20,0,0,198
Missing,11/3/20,0,0,360
Missing,11/4/20,0,2,245
Missing,11/5/20,0,0,353
Missing,11/6/20,0,0,366
Missing,11/7/20,0,1,314
Missing,11/8/20,0,0,172
Missing,11/9/20,0,0,306
Missing,11/10/20,0,1,643
Missing,11/11/20,0,0,347
Missing,11/12/20,0,1,424
Missing,11/13/20,0,0,537
Missing,11/14/20,0,1,318
Missing,11/15/20,0,0,202
Missing,11/16/20,0,0,202
Missing,11/17/20,0,0,605
Missing,11/18/20,0,1,432
Missing,11/19/20,0,0,491
Missing,11/20/20,0,0,527
Missing,11/21/20,0,0,446
Missing,11/22/20,0,0,404
Missing,11/23/20,0,0,315
Missing,11/24/20,0,0,747
Missing,11/25/20,0,0,549
Missing,11/26/20,0,0,352
Missing,11/27/20,0,0,467
Missing,11/28/20,0,0,404
Missing,11/29/20,0,0,270
Missing,11/30/20,0,0,170
Missing,12/1/20,0,0,743
Missing,12/2/20,0,1,336
Missing,12/3/20,0,0,354
Missing,12/4/20,0,0,478
Missing,12/5/20,0,0,319
Missing,12/6/20,0,0,243
Missing,12/7/20,0,0,285
Missing,12/8/20,0,0,534
Missing,12/9/20,0,1,348
Missing,12/10/20,0,0,479
Missing,12/11/20,0,0,405
Missing,12/12/20,0,0,270
Missing,12/13/20,0,1,212
Missing,12/14/20,0,0,214
Missing,12/15/20,0,0,413
Missing,12/16/20,0,1,374
Missing,12/17/20,0,0,387
Missing,12/18/20,0,1,544
Missing,12/19/20,0,0,377
Missing,12/20/20,0,0,250
Missing,12/21/20,0,0,474
Missing,12/22/20,0,0,693
Missing,12/23/20,0,1,524
Missing,12/24/20,0,0,699
Missing,12/25/20,0,0,467
Missing,12/26/20,0,0,544
Missing,12/27/20,0,0,425
Missing,12/28/20,0,0,493
Missing,12/29/20,0,0,726
Missing,12/30/20,0,0,439
Missing,12/31/20,0,1,738
Missing,1/1/21,0,0,383
Missing,1/2/21,0,0,346
Missing,1/3/21,0,0,382
Missing,1/4/21,0,0,283
Missing,1/5/21,0,1,862
Missing,1/6/21,0,0,550
Missing,1/7/21,0,0,641
Missing,1/8/21,0,0,626
Missing,1/9/21,0,0,492
Missing,1/10/21,0,1,210
Missing,1/11/21,0,1,601
Missing,1/12/21,0,0,510
Missing,1/13/21,0,0,476
Missing,1/14/21,0,0,723
Missing,1/15/21,0,1,563
Missing,1/16/21,0,0,408
Missing,1/17/21,0,0,257
Missing,1/18/21,0,0,349
Missing,1/19/21,0,0,442
Missing,1/20/21,0,0,421
Missing,1/21/21,0,0,580
Missing,1/22/21,0,1,485
Missing,1/23/21,0,0,444
Missing,1/24/21,0,0,179
Missing,1/25/21,0,1,332
Missing,1/26/21,0,0,437
Missing,1/27/21,0,0,354
Missing,1/28/21,0,0,765
Missing,1/29/21,0,0,593
Missing,1/30/21,0,1,521
Missing,1/31/21,0,2,295
Missing,2/1/21,0,2,405
Missing,2/2/21,0,0,528
Missing,2/3/21,0,0,421
Missing,2/4/21,0,3,558
Missing,2/5/21,0,0,618
Missing,2/6/21,0,0,451
Missing,2/7/21,0,0,285
Missing,2/8/21,0,0,388
Missing,2/9/21,0,1,579
Missing,2/10/21,0,0,557
Missing,2/11/21,0,0,626
Missing,2/12/21,0,0,714
Missing,2/13/21,0,0,522
Missing,2/14/21,0,1,320
Missing,2/15/21,0,0,474
Missing,2/16/21,0,0,575
Missing,2/17/21,0,2,477
Missing,2/18/21,0,0,15