"PlayerName","Team","POS","ADP","PA","rPTS","PTS","aPOS","Dollars"
"Mike Trout","Angels","OF","1.1","628","1137.0","$168.7","$13.8","$183.5"
"Jose Ramirez","Indians","3B","5.0","659","1086.0","$124.1","$58.3","$183.5"
"Mookie Betts","Red Sox","OF","2.0","676","1106.0","$141.6","$13.8","$156.4"
"Juan Soto","Nationals","OF","34.7","658","1070.0","$110.2","$13.8","$125.0"
"Bryce Harper","Phillies","OF","16.3","646","1069.0","$109.3","$13.8","$124.1"
"J.T. Realmuto","Phillies","C","42.4","558","784.0","($139.5)","$261.8","$123.2"
"Nolan Arenado","Rockies","3B","7.1","663","1008.0","$56.0","$58.3","$115.4"
"Christian Yelich","Brewers","OF","6.7","673","1055.0","$97.1","$13.8","$111.9"
"Freddie Freeman","Braves","1B","21.8","642","957.0","$11.5","$82.8","$95.3"
"Paul Goldschmidt","Cardinals","1B","19.3","652","956.0","$10.6","$82.8","$94.4"
"Anthony Rizzo","Cubs","1B","38.3","648","949.0","$4.5","$82.8","$88.3"
"Giancarlo Stanton","Yankees","OF/DH","21.8","649","1021.0","$67.4","$13.8","$82.2"
"Francisco Lindor","Indians","SS","17.5","709","1057.0","$98.8","($31.6)","$68.2"
"Jose Altuve","Astros","2B","15.9","644","924.0","($17.3)","$65.3","$49.0"
"Charlie Blackmon","Rockies","OF","28.8","660","981.0","$32.5","$13.8","$47.3"
"Cody Bellinger","Dodgers","1B/OF","43.1","624","981.0","$32.5","$13.8","$47.3"
"Kris Bryant","Cubs","3B/OF","32.8","655","927.0","($14.7)","$58.3","$44.7"
"Ozzie Albies","Braves","2B","64.0","686","915.0","($25.2)","$65.3","$41.2"
"Trea Turner","Nationals","SS","7.1","685","1021.0","$67.4","($31.6)","$36.8"
"Gary Sanchez","Yankees","C","53.4","467","677.0","($232.9)","$261.8","$29.8"
"Andrew Benintendi","Red Sox","OF","31.0","665","956.0","$10.6","$13.8","$25.4"
"Whit Merrifield","Royals","2B/OF","30.5","670","890.0","($47.0)","$65.3","$19.3"
"Ronald Acuna Jr.","Braves","OF","8.0","614","949.0","$4.5","$13.8","$19.3"
"Rhys Hoskins","Phillies","OF","39.7","638","945.0","$1.0","$13.8","$15.8"
"Salvador Perez","Royals","C/DH","566.9","544","650.0","($256.5)","$261.8","$6.2"
"Alex Bregman","Astros","3B/SS","14.0","671","984.0","$35.1","($31.6)","$4.5"
"Manny Machado","Padres","SS","21.3","686","980.0","$31.6","($31.6)","$1.0"
"J.D. Martinez","Red Sox","OF/DH","6.1","596","928.0","($13.8)","$13.8","$1.0"
"Eugenio Suarez","Reds","3B","55.4","624","877.0","($58.3)","$58.3","$1.0"
"Javier Baez","Cubs","2B/3B/SS","18.5","581","869.0","($65.3)","$65.3","$1.0"
"Matt Carpenter","Cardinals","1B/3B","75.2","597","849.0","($82.8)","$82.8","$1.0"
"Willson Contreras","Cubs","C","129.7","526","644.0","($261.8)","$261.8","$1.0"
"Yasmani Grandal","Brewers","C","113.5","475","640.0","($265.2)","$261.8","($2.5)"
"Brian Dozier","Nationals","2B","144.1","623","858.0","($74.9)","$65.3","($8.6)"
"Matt Olson","Athletics","1B","178.0","614","830.0","($99.4)","$82.8","($15.6)"
"Joey Votto","Reds","1B","66.2","589","827.0","($102.0)","$82.8","($18.2)"
"Eric Hosmer","Padres","1B","176.8","652","813.0","($114.2)","$82.8","($30.4)"
"Trevor Story","Rockies","SS","16.3","605","940.0","($3.3)","($31.6)","($33.9)"
"Anthony Rendon","Nationals","3B","42.5","597","828.0","($101.1)","$58.3","($41.8)"
"Aaron Judge","Yankees","OF","13.4","560","878.0","($57.5)","$13.8","($42.7)"
"Yoan Moncada","White Sox","2B","151.3","639","815.0","($112.5)","$65.3","($46.1)"
"Andrew McCutchen","Phillies","OF","130.5","628","870.0","($64.4)","$13.8","($49.6)"
"Nicholas Castellanos","Tigers","OF","96.0","651","863.0","($70.6)","$13.8","($55.7)"
"Carlos Santana","Indians","1B","200.8","605","779.0","($143.9)","$82.8","($60.1)"
"Jose Abreu","White Sox","1B","87.1","609","779.0","($143.9)","$82.8","($60.1)"
"Khris Davis","Athletics","DH","44.8","602","872.0","($62.7)","$0.0","($61.7)"
"Rougned Odor","Rangers","2B","124.0","604","797.0","($128.2)","$65.3","($61.9)"
"Cesar Hernandez","Phillies","2B","186.9","653","797.0","($128.2)","$65.3","($61.9)"
"Buster Posey","Giants","C","145.7","479","570.0","($326.4)","$261.8","($63.6)"
"Mike Moustakas","Brewers","3B","135.0","580","801.0","($124.7)","$58.3","($65.4)"
"Mitch Haniger","Mariners","OF","94.2","634","848.0","($83.7)","$13.8","($68.8)"
"Joey Gallo","Rangers","1B/OF","99.8","522","845.0","($86.3)","$13.8","($71.5)"
"Matt Chapman","Athletics","3B","109.1","591","793.0","($131.7)","$58.3","($72.3)"
"George Springer","Astros","OF","62.0","626","842.0","($88.9)","$13.8","($74.1)"
"Francisco Mejia","Padres","C/DH","237.2","519","557.0","($337.7)","$261.8","($75.0)"
"Miguel Andujar","Yankees","3B","82.1","618","790.0","($134.3)","$58.3","($75.0)"
"Josh Bell","Pirates","1B","266.8","602","760.0","($160.5)","$82.8","($76.7)"
"Xander Bogaerts","Red Sox","SS","48.0","650","888.0","($48.7)","($31.6)","($79.3)"
"Yadier Molina","Cardinals","C","143.7","487","550.0","($343.8)","$261.8","($81.1)"
"Travis Shaw","Brewers","2B/3B","96.3","560","770.0","($151.7)","$65.3","($85.4)"
"Wil Myers","Padres","3B/OF","100.8","539","776.0","($146.5)","$58.3","($87.2)"
"Wilin Rosario","Twins","C","999.0","451","543.0","($349.9)","$261.8","($87.2)"
"Austin Allen","","C","999.0","498","542.0","($350.8)","$261.8","($88.1)"
"Rafael Devers","Red Sox","3B","135.9","571","775.0","($147.4)","$58.3","($88.1)"
"Brian Anderson","Marlins","3B/OF","315.5","657","773.0","($149.1)","$58.3","($89.8)"
"Scooter Gennett","Reds","2B","161.2","592","758.0","($162.2)","$65.3","($95.9)"
"Ender Inciarte","Braves","OF","140.8","666","811.0","($116.0)","$13.8","($101.1)"
"Marcell Ozuna","Cardinals","OF","83.9","639","811.0","($116.0)","$13.8","($101.1)"
"Jesus Aguilar","Brewers","1B","83.4","526","732.0","($184.9)","$82.8","($101.1)"
"Jeff McNeil","Mets","2B","298.1","605","747.0","($171.8)","$65.3","($105.5)"
"Michael Conforto","Mets","OF","101.2","577","805.0","($121.2)","$13.8","($106.4)"
"Jonathan Villar","Orioles","2B","76.8","547","746.0","($172.7)","$65.3","($106.4)"
"Kyle Tucker","Astros","OF","369.2","556","803.0","($122.9)","$13.8","($108.1)"
"Jonathan Schoop","Twins","2B","188.9","601","744.0","($174.4)","$65.3","($108.1)"
"Edwin Encarnacion","Mariners","1B/DH","139.9","543","721.0","($194.5)","$82.8","($110.8)"
"Zack Collins","","C","600.8","478","513.0","($376.1)","$261.8","($113.4)"
"Starling Marte","Pirates","OF","36.1","568","793.0","($131.7)","$13.8","($116.9)"
"Justin Upton","Angels","OF","113.8","588","793.0","($131.7)","$13.8","($116.9)"
"Jake Bauers","Indians","1B/OF","230.4","609","792.0","($132.5)","$13.8","($117.7)"
"Kyle Seager","Mariners","3B","483.9","616","741.0","($177.1)","$58.3","($117.7)"
"Eddie Rosario","Twins","OF","82.4","602","788.0","($136.0)","$13.8","($121.2)"
"Dee Gordon","Mariners","2B/OF","105.6","611","722.0","($193.7)","$65.3","($127.3)"
"Luis Rengifo","","2B","600.9","601","721.0","($194.5)","$65.3","($128.2)"
"DJ LeMahieu","Yankees","2B","312.4","611","709.0","($205.0)","$65.3","($138.7)"
"Jean Segura","Phillies","SS","61.8","644","819.0","($109.0)","($31.6)","($139.6)"
"Odubel Herrera","Phillies","OF","261.2","620","766.0","($155.2)","$13.8","($140.4)"
"Trey Mancini","Orioles","1B/OF","253.4","630","765.0","($156.1)","$13.8","($141.3)"
"C.J. Cron","Twins","1B/DH","246.2","523","685.0","($226.0)","$82.8","($142.2)"
"Stephen Piscotty","Athletics","OF","156.8","590","762.0","($158.7)","$13.8","($143.9)"
"Tyler White","Astros","1B/DH","286.2","533","683.0","($227.7)","$82.8","($143.9)"
"Cedric Mullins II","Orioles","OF","297.6","630","760.0","($160.5)","$13.8","($145.7)"
"Ryan O'Hearn","Royals","1B","434.0","575","681.0","($229.5)","$82.8","($145.7)"
"Ryon Healy","Mariners","1B","422.3","587","680.0","($230.3)","$82.8","($146.5)"
"Jeimer Candelario","Tigers","3B","495.6","609","706.0","($207.6)","$58.3","($148.3)"
"Max Kepler","Twins","OF","216.7","586","754.0","($165.7)","$13.8","($150.9)"
"Nelson Cruz","Twins","DH","95.9","540","768.0","($153.5)","$0.0","($152.5)"
"Jason Kipnis","Indians","2B","527.9","564","693.0","($219.0)","$65.3","($152.7)"
"Peter Alonso","Mets","1B","999.0","524","673.0","($236.4)","$82.8","($152.7)"
"Justin Smoak","Blue Jays","1B","230.7","519","669.0","($239.9)","$82.8","($156.2)"
"Lorenzo Cain","Brewers","OF","62.5","568","747.0","($171.8)","$13.8","($157.0)"
"Eloy Jimenez","White Sox","OF","999.0","547","746.0","($172.7)","$13.8","($157.9)"
"Gregory Polanco","Pirates","OF","250.1","538","746.0","($172.7)","$13.8","($157.9)"
"Bobby Bradley","","1B","601.0","552","666.0","($242.5)","$82.8","($158.8)"
"Josh Donaldson","Braves","3B","103.5","470","693.0","($219.0)","$58.3","($159.6)"
"A.J. Reed","Astros","1B","600.0","529","665.0","($243.4)","$82.8","($159.6)"
"Brandon Lowe","Rays","2B","458.3","555","684.0","($226.8)","$65.3","($160.5)"
"Nate Lowe","","1B","578.1","555","664.0","($244.3)","$82.8","($160.5)"
"Nomar Mazara","Rangers","OF","159.6","591","739.0","($178.8)","$13.8","($164.0)"
"Maikel Franco","Phillies","3B","279.2","553","687.0","($224.2)","$58.3","($164.9)"
"Franmil Reyes","Padres","OF","219.3","554","737.0","($180.6)","$13.8","($165.8)"
"Ty France","","1B","600.9","586","657.0","($250.4)","$82.8","($166.6)"
"Ian Desmond","Rockies","1B/OF","146.2","563","735.0","($182.3)","$13.8","($167.5)"
"Tommy Pham","Rays","OF","58.8","530","735.0","($182.3)","$13.8","($167.5)"
"Tim Anderson","White Sox","SS","137.6","644","787.0","($136.9)","($31.6)","($167.5)"
"Josh Naylor","","1B","999.0","573","656.0","($251.3)","$82.8","($167.5)"
"Luke Voit","Yankees","1B","174.1","483","656.0","($251.3)","$82.8","($167.5)"
"Ian Happ","Cubs","3B/OF","382.2","514","683.0","($227.7)","$58.3","($168.4)"
"Daniel Murphy","Rockies","2B","63.2","479","675.0","($234.7)","$65.3","($168.4)"
"Willie Calhoun","Rangers","OF","562.6","589","733.0","($184.1)","$13.8","($169.2)"
"David Peralta","Diamondbacks","OF","143.8","557","732.0","($184.9)","$13.8","($170.1)"
"Starlin Castro","Marlins","2B","438.8","610","670.0","($239.1)","$65.3","($172.7)"
"Daniel Vogelbach","Mariners","1B","592.4","515","649.0","($257.4)","$82.8","($173.6)"
"Yolmer Sanchez","White Sox","3B","576.4","609","677.0","($232.9)","$58.3","($173.6)"
"Marcus Semien","Athletics","SS","239.1","641","777.0","($145.6)","($31.6)","($176.2)"
"Vladimir Guerrero Jr.","","3B","56.8","496","673.0","($236.4)","$58.3","($177.1)"
"Tyler O'Neill","Cardinals","OF","369.5","502","723.0","($192.8)","$13.8","($178.0)"
"Ryan McMahon","Rockies","1B","319.4","507","644.0","($261.8)","$82.8","($178.0)"
"Raimel Tapia","Rockies","OF/DH","577.3","554","722.0","($193.7)","$13.8","($178.9)"
"Randal Grichuk","Blue Jays","OF","237.8","517","722.0","($193.7)","$13.8","($178.9)"
"Rowdy Tellez","Blue Jays","1B/DH","585.8","532","642.0","($263.5)","$82.8","($179.7)"
"Yonder Alonso","White Sox","1B","362.2","505","641.0","($264.4)","$82.8","($180.6)"
"Carlos Correa","Astros","SS","50.0","559","770.0","($151.7)","($31.6)","($182.3)"
"Jose Peraza","Reds","SS","96.0","642","770.0","($151.7)","($31.6)","($182.3)"
"Aaron Hicks","Yankees","OF","139.0","507","717.0","($198.0)","$13.8","($183.2)"
"Jackie Bradley Jr.","Red Sox","OF","214.9","540","715.0","($199.8)","$13.8","($185.0)"
"Amed Rosario","Mets","SS","143.0","622","766.0","($155.2)","($31.6)","($185.8)"
"Yasiel Puig","Reds","OF","62.8","488","710.0","($204.1)","$13.8","($189.3)"
"Franklin Barreto","Athletics","2B","574.7","493","650.0","($256.5)","$65.3","($190.2)"
"Joey Wendle","Rays","2B/3B","225.0","571","650.0","($256.5)","$65.3","($190.2)"
"Teoscar Hernandez","Blue Jays","OF","418.5","548","707.0","($206.8)","$13.8","($191.9)"
"Evan Longoria","Giants","3B","508.5","574","655.0","($252.2)","$58.3","($192.8)"
"Myles Straw","Astros","OF","599.4","587","706.0","($207.6)","$13.8","($192.8)"
"Dominic Smith","Mets","1B","592.3","587","627.0","($276.6)","$82.8","($192.8)"
"Todd Frazier","Mets","3B","586.9","520","654.0","($253.0)","$58.3","($193.7)"
"Didi Gregorius","Yankees","SS","460.2","580","757.0","($163.1)","($31.6)","($193.7)"
"Gleyber Torres","Yankees","2B/SS","68.4","543","757.0","($163.1)","($31.6)","($193.7)"
"Yuli Gurriel","Astros","1B/3B","200.9","543","653.0","($253.9)","$58.3","($194.6)"
"Forrest Wall","","2B","999.0","549","643.0","($262.6)","$65.3","($196.3)"
"Johan Camargo","Braves","3B","501.0","543","650.0","($256.5)","$58.3","($197.2)"
"Christin Stewart","Tigers","OF/DH","426.6","567","700.0","($212.9)","$13.8","($198.1)"
"Corey Dickerson","Pirates","OF","200.9","553","700.0","($212.9)","$13.8","($198.1)"
"Max Muncy","Dodgers","1B/3B","124.1","456","647.0","($259.1)","$58.3","($199.8)"
"Kevin Cron","","1B","600.5","504","619.0","($283.6)","$82.8","($199.8)"
"Brandon Belt","Giants","1B","438.0","484","618.0","($284.5)","$82.8","($200.7)"
"Billy Hamilton","Royals","OF","159.7","550","697.0","($215.5)","$13.8","($200.7)"
"Nick Markakis","Braves","OF","328.4","621","696.0","($216.4)","$13.8","($201.6)"
"Hunter Renfroe","Padres","OF","217.7","536","696.0","($216.4)","$13.8","($201.6)"
"Bo Bichette","","2B/SS","530.6","594","748.0","($171.0)","($31.6)","($201.6)"
"Jahmai Jones","","2B/OF","999.0","572","637.0","($267.9)","$65.3","($201.6)"
"Justin Turner","Dodgers","3B","105.8","473","643.0","($262.6)","$58.3","($203.3)"
"Brett Gardner","Yankees","OF","389.6","569","693.0","($219.0)","$13.8","($204.2)"
"Michael Brantley","Astros","OF","119.5","545","693.0","($219.0)","$13.8","($204.2)"
"Keston Hiura","","2B","560.7","534","634.0","($270.5)","$65.3","($204.2)"
"Luis Urias","Padres","2B","508.3","586","634.0","($270.5)","$65.3","($204.2)"
"Garrett Hampson","Rockies","2B/SS/OF","171.8","552","744.0","($174.4)","($31.6)","($205.0)"
"Renato Nunez","Orioles","3B","572.3","537","641.0","($264.4)","$58.3","($205.0)"
"Frank Schwindel","Royals","1B","999.0","552","613.0","($288.8)","$82.8","($205.0)"
"Josh Fuentes","Rockies","1B/3B","999.0","546","639.0","($266.1)","$58.3","($206.8)"
"Jed Lowrie","Mets","2B","401.4","566","630.0","($274.0)","$65.3","($207.7)"
"Chris Taylor","Dodgers","SS/OF","252.5","581","741.0","($177.1)","($31.6)","($207.7)"
"Mallex Smith","Mariners","OF","107.3","532","689.0","($222.5)","$13.8","($207.7)"
"Victor Robles","Nationals","OF","83.2","510","688.0","($223.3)","$13.8","($208.5)"
"Kole Calhoun","Angels","OF","474.9","583","688.0","($223.3)","$13.8","($208.5)"
"Kyle Schwarber","Cubs","OF","211.2","491","687.0","($224.2)","$13.8","($209.4)"
"Nick Williams","Phillies","OF","583.6","543","687.0","($224.2)","$13.8","($209.4)"
"Shin-Soo Choo","Rangers","OF/DH","295.4","545","684.0","($226.8)","$13.8","($212.0)"
"Matt Thaiss","","1B","599.8","564","603.0","($297.6)","$82.8","($213.8)"
"Scott Schebler","Reds","OF","487.4","516","681.0","($229.5)","$13.8","($214.6)"
"Miguel Sano","Twins","3B","342.0","471","628.0","($275.7)","$58.3","($216.4)"
"Jake Lamb","Diamondbacks","3B","290.4","465","626.0","($277.5)","$58.3","($218.1)"
"Adam Jones","Diamondbacks","OF","391.8","601","677.0","($232.9)","$13.8","($218.1)"
"Ketel Marte","Diamondbacks","2B/SS","227.0","589","728.0","($188.4)","($31.6)","($219.0)"
"Chris Davis","Orioles","1B","587.1","515","597.0","($302.8)","$82.8","($219.0)"
"Troy Stokes Jr.","","OF","999.0","557","676.0","($233.8)","$13.8","($219.0)"
"Corey Ray","","OF","999.0","546","676.0","($233.8)","$13.8","($219.0)"
"Manuel Margot","Padres","OF","317.2","570","676.0","($233.8)","$13.8","($219.0)"
"Corey Seager","Dodgers","SS","89.3","555","727.0","($189.3)","($31.6)","($219.9)"
"Adalberto Mondesi","Royals","SS","38.4","473","726.0","($190.2)","($31.6)","($220.8)"
"Mike Tauchman","Yankees","OF","600.7","513","674.0","($235.6)","$13.8","($220.8)"
"David Dahl","Rockies","OF","68.3","450","671.0","($238.2)","$13.8","($223.4)"
"Kevin Pillar","Giants","OF","379.5","574","670.0","($239.1)","$13.8","($224.2)"
"Austin Riley","","3B","591.6","519","617.0","($285.3)","$58.3","($226.0)"
"Eduardo Escobar","Diamondbacks","3B/SS","182.1","554","719.0","($196.3)","($31.6)","($226.9)"
"Adam Eaton","Nationals","OF","196.1","513","667.0","($241.7)","$13.8","($226.9)"
"Brandon Nimmo","Mets","OF","174.8","530","666.0","($242.5)","$13.8","($227.7)"
"Cavan Biggio","","2B","599.9","530","607.0","($294.1)","$65.3","($227.7)"
"Erick Mejia","","2B","999.0","577","605.0","($295.8)","$65.3","($229.5)"
"Matt Kemp","Reds","OF","326.6","517","662.0","($246.0)","$13.8","($231.2)"
"Eduardo Nunez","Red Sox","2B/3B","537.3","505","601.0","($299.3)","$65.3","($233.0)"
"Robinson Cano","Mets","2B","119.7","499","601.0","($299.3)","$65.3","($233.0)"
"Joshua Rojas","","1B/2B","999.0","518","600.0","($300.2)","$65.3","($233.9)"
"Ronald Guzman","Rangers","1B","510.2","500","578.0","($319.4)","$82.8","($235.6)"
"Asdrubal Cabrera","Rangers","2B/3B/SS","218.8","556","707.0","($206.8)","($31.6)","($237.3)"
"Ramon Laureano","Athletics","OF","189.5","503","655.0","($252.2)","$13.8","($237.3)"
"Kevin Kramer","Pirates","2B/3B","600.4","535","596.0","($303.7)","$65.3","($237.3)"
"Jose Martinez","Cardinals","1B/OF","260.6","530","654.0","($253.0)","$13.8","($238.2)"
"Nick Solak","","2B","999.0","536","595.0","($304.5)","$65.3","($238.2)"
"Dawel Lugo","Tigers","2B","999.0","616","594.0","($305.4)","$65.3","($239.1)"
"Monte Harrison","","OF","600.9","573","653.0","($253.9)","$13.8","($239.1)"
"Roberto Ramos","","1B","999.0","486","573.0","($323.7)","$82.8","($240.0)"
"Josh VanMeter","","2B","999.0","514","592.0","($307.2)","$65.3","($240.8)"
"Wilmer Flores","Diamondbacks","1B","421.0","437","572.0","($324.6)","$82.8","($240.8)"
"Alex Kirilloff","","OF","597.8","545","650.0","($256.5)","$13.8","($241.7)"
"Hudson Potts","","3B","999.0","554","599.0","($301.0)","$58.3","($241.7)"
"Rio Ruiz","Orioles","3B","600.8","564","597.0","($302.8)","$58.3","($243.5)"
"Shed Long","","2B","600.5","519","589.0","($309.8)","$65.3","($243.5)"
"Tommy Joseph","","1B","999.0","446","569.0","($327.2)","$82.8","($243.5)"
"Ben Gamel","Brewers","OF","600.6","530","648.0","($258.3)","$13.8","($243.5)"
"Matt Davidson","Rangers","1B/DH","598.8","462","568.0","($328.1)","$82.8","($244.3)"
"Andrelton Simmons","Angels","SS","254.5","608","698.0","($214.6)","($31.6)","($245.2)"
"Ian Kinsler","Padres","2B","455.0","492","587.0","($311.5)","$65.3","($245.2)"
"Adam Frazier","Pirates","2B/OF","375.2","498","587.0","($311.5)","$65.3","($245.2)"
"Domingo Santana","Mariners","OF","186.5","505","645.0","($260.9)","$13.8","($246.1)"
"Luke Raley","","1B","999.0","525","565.0","($330.7)","$82.8","($246.9)"
"Brian Mundell","","1B","999.0","528","565.0","($330.7)","$82.8","($246.9)"
"A.J. Pollock","Dodgers","OF","110.7","467","644.0","($261.8)","$13.8","($246.9)"
"Carlos Gonzalez","Indians","OF","566.4","507","644.0","($261.8)","$13.8","($246.9)"
"DJ Peters","","OF","600.6","573","643.0","($262.6)","$13.8","($247.8)"
"Daniel Palka","White Sox","OF/DH","386.5","512","643.0","($262.6)","$13.8","($247.8)"
"J.D. Davis","Mets","3B","596.5","518","592.0","($307.2)","$58.3","($247.8)"
"Brandon Wagner","","1B","999.0","510","564.0","($331.6)","$82.8","($247.8)"
"Hunter Dozier","Royals","1B/3B","573.1","543","591.0","($308.0)","$58.3","($248.7)"
"Anderson Tejeda","","2B","999.0","518","583.0","($315.0)","$65.3","($248.7)"
"Christian Walker","Diamondbacks","1B/OF/DH","593.4","501","641.0","($264.4)","$13.8","($249.6)"
"Josh Ockimey","","1B","999.0","507","562.0","($333.3)","$82.8","($249.6)"
"Justin Bour","Angels","1B","467.3","437","562.0","($333.3)","$82.8","($249.6)"
"Freddy Galvis","Blue Jays","SS","584.4","629","692.0","($219.8)","($31.6)","($250.4)"
"Miguel Cabrera","Tigers","1B","151.4","446","561.0","($334.2)","$82.8","($250.4)"
"Adam Duvall","Braves","OF","595.1","519","640.0","($265.2)","$13.8","($250.4)"
"Brent Rooker","","1B/OF","999.0","537","639.0","($266.1)","$13.8","($251.3)"
"Bret Boswell","","2B","999.0","513","580.0","($317.6)","$65.3","($251.3)"
"Will Craig","","1B","999.0","526","559.0","($336.0)","$82.8","($252.2)"
"Abraham Toro","","3B","999.0","533","586.0","($312.4)","$58.3","($253.1)"
"Christian Lopes","","2B","999.0","489","578.0","($319.4)","$65.3","($253.1)"
"Logan Morrison","","1B/DH","600.2","428","557.0","($337.7)","$82.8","($253.9)"
"Joe Mauer","","1B/DH","600.9","517","557.0","($337.7)","$82.8","($253.9)"
"Tyler Austin","Giants","1B/DH","595.1","426","557.0","($337.7)","$82.8","($253.9)"
"Jake Cave","Twins","OF","587.6","533","636.0","($268.7)","$13.8","($253.9)"
"Bobby Dalbec","","3B","999.0","489","584.0","($314.1)","$58.3","($254.8)"
"Derek Dietrich","Reds","1B/OF","584.6","511","634.0","($270.5)","$13.8","($255.7)"
"Matt Duffy","Rays","3B","578.6","522","583.0","($315.0)","$58.3","($255.7)"
"Elehuris Montero","","3B","999.0","524","582.0","($315.9)","$58.3","($256.6)"
"Evan White","","1B","999.0","553","554.0","($340.3)","$82.8","($256.6)"
"Lane Thomas","","OF","999.0","545","632.0","($272.2)","$13.8","($257.4)"
"D.J. Stewart","Orioles","OF/DH","600.4","525","632.0","($272.2)","$13.8","($257.4)"
"Joc Pederson","Dodgers","OF","411.7","451","632.0","($272.2)","$13.8","($257.4)"
"Paul DeJong","Cardinals","SS","179.8","552","683.0","($227.7)","($31.6)","($258.3)"
"Rylan Bannon","","2B/3B","999.0","502","572.0","($324.6)","$65.3","($258.3)"
"Ryan McBroom","","1B","999.0","524","552.0","($342.1)","$82.8","($258.3)"
"Mitch Moreland","Red Sox","1B","574.8","458","552.0","($342.1)","$82.8","($258.3)"
"Willy Adames","Rays","SS","271.3","615","682.0","($228.6)","($31.6)","($259.2)"
"Jose Siri","","OF","999.0","485","630.0","($274.0)","$13.8","($259.2)"
"Jordan Patterson","Blue Jays","OF","999.0","504","630.0","($274.0)","$13.8","($259.2)"
"Dustin Fowler","Athletics","OF","591.3","498","629.0","($274.9)","$13.8","($260.0)"
"Yandy Diaz","Rays","1B/3B/DH","525.3","560","578.0","($319.4)","$58.3","($260.0)"
"Jose Bautista","","3B/OF","600.9","472","576.0","($321.1)","$58.3","($261.8)"
"Niko Goodrum","Tigers","1B/2B","317.8","476","568.0","($328.1)","$65.3","($261.8)"
"Edward Olivares","","OF","999.0","583","627.0","($276.6)","$13.8","($261.8)"
"Cole Tucker","","SS","600.8","581","678.0","($232.1)","($31.6)","($262.7)"
"Taylor Ward","Angels","3B","596.0","543","575.0","($322.0)","$58.3","($262.7)"
"Eric Thames","Brewers","1B/OF","542.9","427","625.0","($278.3)","$13.8","($263.5)"
"Jason Martin","Pirates","OF","999.0","535","625.0","($278.3)","$13.8","($263.5)"
"Jose Marmolejos","","1B","999.0","531","546.0","($347.3)","$82.8","($263.5)"
"TJ Friedl","","OF","999.0","562","623.0","($280.1)","$13.8","($265.3)"
"Zander Wiel","","1B","999.0","516","543.0","($349.9)","$82.8","($266.2)"
"Hanley Ramirez","Indians","1B","579.5","431","543.0","($349.9)","$82.8","($266.2)"
"Dylan Cozens","Phillies","OF","999.0","475","621.0","($281.8)","$13.8","($267.0)"
"Nolan Jones","","3B","999.0","510","570.0","($326.4)","$58.3","($267.0)"
"Ke'Bryan Hayes","","3B","597.9","526","569.0","($327.2)","$58.3","($267.9)"
"David Fletcher","Angels","2B/3B","586.4","556","561.0","($334.2)","$65.3","($267.9)"
"Taylor Trammell","","OF","601.0","518","620.0","($282.7)","$13.8","($267.9)"
"Ryan Braun","Brewers","OF","193.2","440","620.0","($282.7)","$13.8","($267.9)"
"Patrick Wisdom","Rangers","1B/3B","600.7","462","568.0","($328.1)","$58.3","($268.8)"
"Travis Demeritte","","2B","999.0","504","560.0","($335.1)","$65.3","($268.8)"
"Leody Taveras","","OF","999.0","597","618.0","($284.5)","$13.8","($269.6)"
"Daz Cameron","","OF","599.3","547","618.0","($284.5)","$13.8","($269.6)"
"Austin Meadows","Rays","OF","183.2","473","618.0","($284.5)","$13.8","($269.6)"
"Tony Kemp","Astros","OF","598.5","521","618.0","($284.5)","$13.8","($269.6)"
"Cory Spangenberg","Brewers","2B/3B","599.7","461","559.0","($336.0)","$65.3","($269.6)"
"Ibandel Isabel","","1B","999.0","452","537.0","($355.2)","$82.8","($271.4)"
"Elvis Andrus","Rangers","SS","184.9","558","667.0","($241.7)","($31.6)","($272.3)"
"Andy Young","","2B","999.0","483","555.0","($339.5)","$65.3","($273.1)"
"Joe Panik","Giants","2B","588.6","495","555.0","($339.5)","$65.3","($273.1)"
"Mike Ford","","1B","999.0","445","535.0","($356.9)","$82.8","($273.1)"
"Ryan Zimmerman","Nationals","1B","423.7","410","535.0","($356.9)","$82.8","($273.1)"
"Jared Walsh","","1B","999.0","498","533.0","($358.7)","$82.8","($274.9)"
"Cristian Santana","","1B/3B","999.0","559","560.0","($335.1)","$58.3","($275.8)"
"David Bote","Cubs","3B","597.7","474","560.0","($335.1)","$58.3","($275.8)"
"Dylan Moore","","1B","999.0","477","532.0","($359.5)","$82.8","($275.8)"
"Brandon Crawford","Giants","SS","558.0","566","662.0","($246.0)","($31.6)","($276.6)"
"Jurickson Profar","Athletics","1B/3B/SS","134.1","548","662.0","($246.0)","($31.6)","($276.6)"
"Harrison Bader","Cardinals","OF","198.4","493","610.0","($291.4)","$13.8","($276.6)"
"Marwin Gonzalez","Twins","1B/2B/SS/OF","237.1","525","661.0","($246.9)","($31.6)","($277.5)"
"Alex Verdugo","Dodgers","OF","513.2","519","609.0","($292.3)","$13.8","($277.5)"
"Derek Fisher","Astros","OF","600.8","470","609.0","($292.3)","$13.8","($277.5)"
"Matt Skole","White Sox","1B/DH","999.0","476","530.0","($361.3)","$82.8","($277.5)"
"Pablo Reyes","Pirates","2B/3B/OF","999.0","490","549.0","($344.7)","$65.3","($278.4)"
"Brendan Rodgers","","2B/SS","577.0","500","660.0","($247.8)","($31.6)","($278.4)"
"Dansby Swanson","Braves","SS","520.8","568","659.0","($248.7)","($31.6)","($279.3)"
"Austin Dean","Marlins","OF","600.6","545","607.0","($294.1)","$13.8","($279.3)"
"Seth Brown","","1B","999.0","540","527.0","($363.9)","$82.8","($280.1)"
"Tim Locastro","Diamondbacks","OF","999.0","489","605.0","($295.8)","$13.8","($281.0)"
"Jonathan Davis","Blue Jays","OF/DH","999.0","544","605.0","($295.8)","$13.8","($281.0)"
"Aderlin Rodriguez","","1B/3B","999.0","532","554.0","($340.3)","$58.3","($281.0)"
"Jose Osuna","Pirates","1B/3B/OF","999.0","469","554.0","($340.3)","$58.3","($281.0)"
"Anthony Garcia","","OF","999.0","506","604.0","($296.7)","$13.8","($281.9)"
"Steven Souza Jr.","Diamondbacks","OF","368.5","435","604.0","($296.7)","$13.8","($281.9)"
"Tyler Wade","Yankees","2B","999.0","506","544.0","($349.1)","$65.3","($282.7)"
"Ildemaro Vargas","Diamondbacks","2B/3B/SS","999.0","593","653.0","($253.9)","($31.6)","($284.5)"
"Eliezer Alvarez","","2B","999.0","451","541.0","($351.7)","$65.3","($285.4)"
"Blake Perkins","","OF","999.0","592","600.0","($300.2)","$13.8","($285.4)"
"Omar Estevez","","2B","999.0","582","540.0","($352.6)","$65.3","($286.2)"
"Isan Diaz","","2B","999.0","505","540.0","($352.6)","$65.3","($286.2)"
"Trent Giambrone","","2B","999.0","469","540.0","($352.6)","$65.3","($286.2)"
"Austin Listi","","1B","999.0","472","520.0","($370.0)","$82.8","($286.2)"
"Brian Miller","","OF","999.0","541","599.0","($301.0)","$13.8","($286.2)"
"Josh Reddick","Astros","OF","558.4","489","599.0","($301.0)","$13.8","($286.2)"
"Socrates Brito","Blue Jays","OF","999.0","493","599.0","($301.0)","$13.8","($286.2)"
"Jason Heyward","Cubs","OF","580.8","510","598.0","($301.9)","$13.8","($287.1)"
"Colton Welker","","3B","999.0","506","547.0","($346.4)","$58.3","($287.1)"
"Ryan McKenna","","OF","999.0","557","597.0","($302.8)","$13.8","($288.0)"
"Jason Vosler","","3B","999.0","524","545.0","($348.2)","$58.3","($288.9)"
"Oscar Mercado","","SS","597.4","544","648.0","($258.3)","($31.6)","($288.9)"
"Phillip Ervin","Reds","OF","600.2","457","596.0","($303.7)","$13.8","($288.9)"
"Scott Heineman","","OF","999.0","525","595.0","($304.5)","$13.8","($289.7)"
"Yangervis Solarte","Giants","2B/3B","582.1","490","536.0","($356.0)","$65.3","($289.7)"
"Andy Ibanez","","2B","999.0","507","535.0","($356.9)","$65.3","($290.6)"
"Jamie Westbrook","","2B/OF","999.0","481","535.0","($356.9)","$65.3","($290.6)"
"Jay Bruce","Mariners","1B/OF","283.0","479","593.0","($306.3)","$13.8","($291.5)"
"Chris Shaw","Giants","OF","600.7","533","593.0","($306.3)","$13.8","($291.5)"
"Colin Moran","Pirates","3B","575.7","473","541.0","($351.7)","$58.3","($292.3)"
"D.J. Peterson","","1B","999.0","480","513.0","($376.1)","$82.8","($292.3)"
"Nick Gordon","","SS","600.7","603","643.0","($262.6)","($31.6)","($293.2)"
"Mitch Walding","Phillies","3B","999.0","473","540.0","($352.6)","$58.3","($293.2)"
"Jordan Luplow","Indians","OF","600.1","489","590.0","($308.9)","$13.8","($294.1)"
"Kevin Smith","","SS","999.0","544","641.0","($264.4)","($31.6)","($295.0)"
"Zach Borenstein","","OF","999.0","486","589.0","($309.8)","$13.8","($295.0)"
"Avisail Garcia","Rays","OF","418.7","488","589.0","($309.8)","$13.8","($295.0)"
"Jalen Miller","","2B","999.0","559","529.0","($362.2)","$65.3","($295.8)"
"Christopher Bostick","Orioles","2B/OF","999.0","505","529.0","($362.2)","$65.3","($295.8)"
"Santiago Espinal","","2B","999.0","529","528.0","($363.0)","$65.3","($296.7)"
"Greg Allen","Indians","OF","308.9","505","587.0","($311.5)","$13.8","($296.7)"
"Wilmer Difo","Nationals","2B/3B","598.9","464","527.0","($363.9)","$65.3","($297.6)"
"Brad Miller","Indians","1B/2B","600.3","416","527.0","($363.9)","$65.3","($297.6)"
"Alen Hanson","Blue Jays","2B/OF","594.2","427","525.0","($365.6)","$65.3","($299.3)"
"Jose Pirela","Padres","2B/OF","600.3","468","524.0","($366.5)","$65.3","($300.2)"
"Sam Hilliard","","OF","999.0","517","582.0","($315.9)","$13.8","($301.1)"
"Denard Span","","OF","600.9","489","582.0","($315.9)","$13.8","($301.1)"
"Logan Forsythe","Rangers","2B","999.0","461","523.0","($367.4)","$65.3","($301.1)"
"Jazz Chisholm","","SS","999.0","515","633.0","($271.4)","($31.6)","($302.0)"
"Steven Duggar","Giants","OF","565.9","517","581.0","($316.8)","$13.8","($302.0)"
"Kean Wong","","2B","999.0","515","521.0","($369.1)","$65.3","($302.8)"
"Kolten Wong","Cardinals","2B","579.3","434","521.0","($369.1)","$65.3","($302.8)"
"Josh Lester","","1B/3B","999.0","505","528.0","($363.0)","$58.3","($303.7)"
"Yonny Hernandez","","2B","999.0","455","520.0","($370.0)","$65.3","($303.7)"
"Ronnie Dawson","","OF","999.0","500","579.0","($318.5)","$13.8","($303.7)"
"Donnie Dewees","","OF","999.0","560","579.0","($318.5)","$13.8","($303.7)"
"Gavin Lux","","2B/SS","999.0","542","630.0","($274.0)","($31.6)","($304.6)"
"Tyler Krieger","","2B","999.0","522","519.0","($370.9)","$65.3","($304.6)"
"Mark Trumbo","Orioles","DH","565.8","488","593.0","($306.3)","$0.0","($305.3)"
"Luis Alexander Basabe","","OF","999.0","513","576.0","($321.1)","$13.8","($306.3)"
"Charles Leblanc","","1B/3B","999.0","508","525.0","($365.6)","$58.3","($306.3)"
"Jedd Gyorko","Cardinals","3B","595.5","432","525.0","($365.6)","$58.3","($306.3)"
"Eguy Rosario","","2B","999.0","534","517.0","($372.6)","$65.3","($306.3)"
"Fernando Tatis Jr.","Padres","SS","999.0","486","627.0","($276.6)","($31.6)","($307.2)"
"Michael Gettys","","OF","999.0","497","575.0","($322.0)","$13.8","($307.2)"
"Adolis Garcia","Cardinals","OF","600.8","484","575.0","($322.0)","$13.8","($307.2)"
"Evan Mendoza","","3B","999.0","545","522.0","($368.3)","$58.3","($308.9)"
"Daniel Johnson","","OF","999.0","485","572.0","($324.6)","$13.8","($309.8)"
"Drew Ellis","","3B","999.0","491","521.0","($369.1)","$58.3","($309.8)"
"Lucas Erceg","","3B","999.0","516","520.0","($370.0)","$58.3","($310.7)"
"Austin Hays","Orioles","OF","539.6","493","571.0","($325.5)","$13.8","($310.7)"
"Kendrys Morales","Athletics","DH","559.2","483","586.0","($312.4)","$0.0","($311.4)"
"Carter Kieboom","","SS","596.7","534","622.0","($281.0)","($31.6)","($311.6)"
"Scott Kingery","Phillies","SS","524.8","548","620.0","($282.7)","($31.6)","($313.3)"
"Billy McKinney","Blue Jays","OF","587.7","499","567.0","($329.0)","$13.8","($314.2)"
"Vince Fernandez","","OF","999.0","488","566.0","($329.9)","$13.8","($315.0)"
"Melky Cabrera","Pirates","OF","600.2","517","566.0","($329.9)","$13.8","($315.0)"
"Kaleb Cowart","Angels","3B","600.8","478","515.0","($374.4)","$58.3","($315.0)"
"Clint Frazier","Yankees","OF/DH","579.3","426","565.0","($330.7)","$13.8","($315.9)"
"Emmanuel Rivera","","3B","999.0","496","513.0","($376.1)","$58.3","($316.8)"
"Ryder Jones","Giants","1B/3B","999.0","493","513.0","($376.1)","$58.3","($316.8)"
"Brandon Marsh","","OF","999.0","547","563.0","($332.5)","$13.8","($317.7)"
"Jesus Sanchez","","OF","999.0","532","563.0","($332.5)","$13.8","($317.7)"
"Keon Broxton","Mets","OF","569.6","447","562.0","($333.3)","$13.8","($318.5)"
"Dylan Carlson","","OF","999.0","509","561.0","($334.2)","$13.8","($319.4)"
"Yusniel Diaz","","OF","595.1","483","560.0","($335.1)","$13.8","($320.3)"
"Jabari Blash","","OF","999.0","407","560.0","($335.1)","$13.8","($320.3)"
"Alex Gordon","Royals","OF","571.1","504","558.0","($336.8)","$13.8","($322.0)"
"Conner Capel","","OF","999.0","519","557.0","($337.7)","$13.8","($322.9)"
"Tyler Hill","","OF","999.0","520","557.0","($337.7)","$13.8","($322.9)"
"Stephen Wrenn","","OF","999.0","512","557.0","($337.7)","$13.8","($322.9)"
"Tyrone Taylor","","OF","999.0","486","556.0","($338.6)","$13.8","($323.8)"
"Shohei Ohtani","Angels","DH","214.6","370","571.0","($325.5)","$0.0","($324.5)"
"Royce Lewis","","SS","600.9","522","607.0","($294.1)","($31.6)","($324.7)"
"Joey Curletta","","1B/OF","999.0","521","554.0","($340.3)","$13.8","($325.5)"
"John Andreoli","Twins","OF","999.0","478","553.0","($341.2)","$13.8","($326.4)"
"Jacob Robson","","OF","999.0","512","552.0","($342.1)","$13.8","($327.3)"
"Mikie Mahtook","Tigers","OF","600.7","485","552.0","($342.1)","$13.8","($327.3)"
"Kevin Newman","Pirates","SS","599.7","561","602.0","($298.4)","($31.6)","($329.0)"
"Khalil Lee","","OF","999.0","482","550.0","($343.8)","$13.8","($329.0)"
"Byron Buxton","Twins","OF","140.1","440","549.0","($344.7)","$13.8","($329.9)"
"Charcer Burks","","OF","999.0","518","548.0","($345.6)","$13.8","($330.8)"
"Rafael Ortega","Braves","OF","999.0","484","548.0","($345.6)","$13.8","($330.8)"
"Willi Castro","","SS","999.0","561","599.0","($301.0)","($31.6)","($331.6)"
"Marcus Wilson","","OF","999.0","510","547.0","($346.4)","$13.8","($331.6)"
"Jesse Winker","Reds","OF","189.2","438","547.0","($346.4)","$13.8","($331.6)"
"Yordan Alvarez","","1B/OF","599.1","425","546.0","($347.3)","$13.8","($332.5)"
"Adam Haseley","","OF","999.0","505","545.0","($348.2)","$13.8","($333.4)"
"Mark Zagunis","Cubs","OF","999.0","448","545.0","($348.2)","$13.8","($333.4)"
"Orlando Arcia","Brewers","SS","547.4","553","596.0","($303.7)","($31.6)","($334.3)"
"Joshua Palacios","","OF","999.0","547","544.0","($349.1)","$13.8","($334.3)"
"Zack Short","","SS","999.0","520","595.0","($304.5)","($31.6)","($335.1)"
"Jorge Polanco","Twins","SS","227.1","501","595.0","($304.5)","($31.6)","($335.1)"
"Aristides Aquino","Reds","OF","999.0","479","543.0","($349.9)","$13.8","($335.1)"
"Nicky Lopez","","2B/SS","600.4","567","594.0","($305.4)","($31.6)","($336.0)"
"Trent Grisham","","OF","999.0","487","542.0","($350.8)","$13.8","($336.0)"
"Yoenis Cespedes","Mets","OF","566.8","395","542.0","($350.8)","$13.8","($336.0)"
"Delino DeShields","Rangers","OF","331.3","445","542.0","($350.8)","$13.8","($336.0)"
"Evan Gattis","","DH","596.4","444","557.0","($337.7)","$0.0","($336.7)"
"LaMonte Wade Jr","","OF","999.0","486","541.0","($351.7)","$13.8","($336.9)"
"Gabriel Guerrero","Marlins","OF","999.0","545","541.0","($351.7)","$13.8","($336.9)"
"Leonys Martin","Indians","OF","383.9","444","541.0","($351.7)","$13.8","($336.9)"
"Randy Arozarena","","OF","999.0","451","540.0","($352.6)","$13.8","($337.7)"
"Dexter Fowler","Cardinals","OF","568.3","430","540.0","($352.6)","$13.8","($337.7)"
"JaCoby Jones","Tigers","OF","595.5","493","540.0","($352.6)","$13.8","($337.7)"
"Ian Miller","","OF","999.0","514","538.0","($354.3)","$13.8","($339.5)"
"Adam Engel","White Sox","OF","593.1","512","538.0","($354.3)","$13.8","($339.5)"
"Justin Williams","Cardinals","OF","999.0","487","537.0","($355.2)","$13.8","($340.4)"
"Anthony Santander","Orioles","OF","999.0","477","537.0","($355.2)","$13.8","($340.4)"
"Tyler Ramirez","","OF","999.0","551","536.0","($356.0)","$13.8","($341.2)"
"Mark Canha","Athletics","OF","596.8","430","536.0","($356.0)","$13.8","($341.2)"
"Franchy Cordero","Padres","OF","485.8","395","535.0","($356.9)","$13.8","($342.1)"
"Bradley Zimmer","Indians","OF","576.4","424","534.0","($357.8)","$13.8","($343.0)"
"Connor Marabell","","OF","999.0","506","532.0","($359.5)","$13.8","($344.7)"
"Brett Phillips","Royals","OF","599.3","489","532.0","($359.5)","$13.8","($344.7)"
"Dwight Smith Jr.","Orioles","OF","999.0","474","531.0","($360.4)","$13.8","($345.6)"
"Cristian Pache","","OF","999.0","531","529.0","($362.2)","$13.8","($347.4)"
"Jo Adell","","OF","593.3","439","528.0","($363.0)","$13.8","($348.2)"
"Estevan Florial","","OF","999.0","451","527.0","($363.9)","$13.8","($349.1)"
"Andrew Calica","","OF","999.0","467","527.0","($363.9)","$13.8","($349.1)"
"Luis Gonzalez","","OF","999.0","515","527.0","($363.9)","$13.8","($349.1)"
"Nick Martini","Athletics","OF","598.3","488","527.0","($363.9)","$13.8","($349.1)"
"Chuck Taylor","","OF","999.0","537","526.0","($364.8)","$13.8","($350.0)"
"Peter O'Brien","Marlins","1B/OF","590.2","466","526.0","($364.8)","$13.8","($350.0)"
"Michael A. Taylor","Nationals","OF","567.5","414","526.0","($364.8)","$13.8","($350.0)"
"Robbie Grossman","Athletics","OF/DH","594.4","470","525.0","($365.6)","$13.8","($350.8)"
"Kevin Kiermaier","Rays","OF","383.4","422","525.0","($365.6)","$13.8","($350.8)"
"Jodd Carter","","OF","999.0","500","524.0","($366.5)","$13.8","($351.7)"
"J.J. Matijevic","","OF","999.0","425","524.0","($366.5)","$13.8","($351.7)"
"Tommy Edman","","2B/SS","999.0","540","575.0","($322.0)","($31.6)","($352.6)"
"Trey Amburgey","","OF","999.0","504","523.0","($367.4)","$13.8","($352.6)"
"Luis Barrera","","OF","999.0","507","523.0","($367.4)","$13.8","($352.6)"
"Aaron Altherr","Phillies","OF","600.8","412","523.0","($367.4)","$13.8","($352.6)"
"Abiatal Avelino","Giants","2B/SS","999.0","523","574.0","($322.9)","($31.6)","($353.5)"
"Ka'ai Tom","","OF","999.0","472","522.0","($368.3)","$13.8","($353.5)"
"Magneuris Sierra","Marlins","OF","600.8","549","522.0","($368.3)","$13.8","($353.5)"
"Austin Slater","Giants","1B/OF","600.2","455","522.0","($368.3)","$13.8","($353.5)"
"Jorge Mateo","","SS","601.0","535","573.0","($323.7)","($31.6)","($354.3)"
"Buddy Reed","","OF","999.0","481","521.0","($369.1)","$13.8","($354.3)"
"Mike Yastrzemski","","OF","999.0","469","520.0","($370.0)","$13.8","($355.2)"
"Mitch Longo","","OF","999.0","470","519.0","($370.9)","$13.8","($356.1)"
"Travis Taijeron","Mets","OF","999.0","448","519.0","($370.9)","$13.8","($356.1)"
"Michael O'Neill","","OF","999.0","480","517.0","($372.6)","$13.8","($357.8)"
"Cameron Maybin","Indians","OF","600.9","426","516.0","($373.5)","$13.8","($358.7)"
"Jake Noll","Nationals","PH/PR","999.0","527","530.0","($361.3)","$0.0","($360.3)"
"Skye Bolt","","OF","999.0","492","514.0","($375.3)","$13.8","($360.4)"
"Addison Russell","Cubs","SS","585.6","501","564.0","($331.6)","($31.6)","($362.2)"
"Nick Ahmed","Diamondbacks","SS","565.8","482","563.0","($332.5)","($31.6)","($363.1)"
"Yu Chang","","SS","601.0","525","558.0","($336.8)","($31.6)","($367.4)"
"Isaac Paredes","","2B/SS","999.0","526","557.0","($337.7)","($31.6)","($368.3)"
"Lourdes Gurriel Jr.","Blue Jays","2B/SS","269.5","498","554.0","($340.3)","($31.6)","($370.9)"
"Eli White","","2B/SS","999.0","533","553.0","($341.2)","($31.6)","($371.8)"
"Ronny Rodriguez","Tigers","SS","999.0","496","553.0","($341.2)","($31.6)","($371.8)"
"Danny Mendick","","2B/SS","999.0","506","552.0","($342.1)","($31.6)","($372.7)"
"Alcides Escobar","White Sox","3B/SS","600.4","575","552.0","($342.1)","($31.6)","($372.7)"
"Aledmys Diaz","Astros","3B/SS","564.8","480","550.0","($343.8)","($31.6)","($374.4)"
"Ryan Mountcastle","","3B/SS","597.4","510","548.0","($345.6)","($31.6)","($376.2)"
"Mauricio Dubon","","2B/SS","600.9","483","545.0","($348.2)","($31.6)","($378.8)"
"Yairo Munoz","Cardinals","2B/3B/SS/OF","561.1","470","544.0","($349.1)","($31.6)","($379.7)"
"Lucius Fox","","SS","999.0","529","541.0","($351.7)","($31.6)","($382.3)"
"Andres Gimenez","","SS","600.7","502","540.0","($352.6)","($31.6)","($383.1)"
"Andrew Velazquez","Rays","2B/3B/SS/OF/DH","999.0","476","534.0","($357.8)","($31.6)","($388.4)"
"Jake Gatewood","","1B/SS","999.0","479","533.0","($358.7)","($31.6)","($389.3)"
"Jose Iglesias","Reds","SS","594.1","492","533.0","($358.7)","($31.6)","($389.3)"
"J.P. Crawford","Mariners","SS","591.1","493","525.0","($365.6)","($31.6)","($396.2)"
"Enrique Hernandez","Dodgers","2B/SS/OF","304.4","411","525.0","($365.6)","($31.6)","($396.2)"
"Taylor Motter","","P/1B/2B/3B/SS/OF/DH","999.0","425","523.0","($367.4)","($31.6)","($398.0)"
"Jake Cronenworth","","SS","999.0","511","521.0","($369.1)","($31.6)","($399.7)"
"Nate Orf","Brewers","2B/3B/SS/OF","999.0","489","520.0","($370.0)","($31.6)","($400.6)"
